dataset,freq,n_series,pred_length,baseline_mase,baseline_mae,baseline_r2,baseline_time,baseline_cpu_pct,baseline_mem_mb,baseline_prep_time,baseline_model_time,auto_ensemble_mase,auto_ensemble_mae,auto_ensemble_r2,auto_ensemble_time,auto_ensemble_cpu_pct,auto_ensemble_mem_mb,auto_ensemble_n_features,auto_ensemble_bf_time,auto_ensemble_bf_cpu_pct,auto_ensemble_bf_mem_mb,auto_ensemble_model_time,auto_ensemble_model_cpu_pct,auto_ensemble_model_mem_mb,auto_ensemble_ts_enabled,auto_ensemble_ts_strategy,auto_ensemble_ts_confidence,auto_ensemble_ts_avg_lag1,yes_dft_mase,yes_dft_mae,yes_dft_r2,yes_dft_time,yes_dft_cpu_pct,yes_dft_mem_mb,yes_dft_n_features,yes_dft_bf_time,yes_dft_bf_cpu_pct,yes_dft_bf_mem_mb,yes_dft_model_time,yes_dft_model_cpu_pct,yes_dft_model_mem_mb,yes_dft_ts_enabled,yes_dft_ts_strategy,yes_dft_ts_confidence,yes_dft_ts_avg_lag1,yes_acf_mase,yes_acf_mae,yes_acf_r2,yes_acf_time,yes_acf_cpu_pct,yes_acf_mem_mb,yes_acf_n_features,yes_acf_bf_time,yes_acf_bf_cpu_pct,yes_acf_bf_mem_mb,yes_acf_model_time,yes_acf_model_cpu_pct,yes_acf_model_mem_mb,yes_acf_ts_enabled,yes_acf_ts_strategy,yes_acf_ts_confidence,yes_acf_ts_avg_lag1,yes_lomb_scargle_mase,yes_lomb_scargle_mae,yes_lomb_scargle_r2,yes_lomb_scargle_time,yes_lomb_scargle_cpu_pct,yes_lomb_scargle_mem_mb,yes_lomb_scargle_n_features,yes_lomb_scargle_bf_time,yes_lomb_scargle_bf_cpu_pct,yes_lomb_scargle_bf_mem_mb,yes_lomb_scargle_model_time,yes_lomb_scargle_model_cpu_pct,yes_lomb_scargle_model_mem_mb,yes_lomb_scargle_ts_enabled,yes_lomb_scargle_ts_strategy,yes_lomb_scargle_ts_confidence,yes_lomb_scargle_ts_avg_lag1,no_standard_mase,no_standard_mae,no_standard_r2,no_standard_time,no_standard_cpu_pct,no_standard_mem_mb,no_standard_n_features,no_standard_bf_time,no_standard_bf_cpu_pct,no_standard_bf_mem_mb,no_standard_model_time,no_standard_model_cpu_pct,no_standard_model_mem_mb,no_standard_ts_enabled,tsfresh_mase,tsfresh_mae,tsfresh_r2,tsfresh_time,tsfresh_cpu_pct,tsfresh_mem_mb,tsfresh_n_features,tsfresh_fe_time,tsfresh_model_time,openfe_mase,openfe_mae,openfe_r2,openfe_time,openfe_cpu_pct,openfe_mem_mb,openfe_n_features,openfe_fe_time,openfe_model_time
car_parts_without_missing,M,2674,12,0.911504599794571,0.6710305937959993,0.005596517389018563,0.41775965690612793,100.53627559694579,2.1328125,0.0036716461181640625,0.3106808662414551,1.0634291442666715,0.7828742611919468,-0.28349966734864607,574.1575639247894,102.53457186486128,341.984375,25,556.2524943351746,102.61706793462999,335.13671875,17.753286123275757,100.0378176562785,0.0,True,pooled_ensemble,,,0.917573830353197,0.6754986342058419,-0.054140561928110564,668.2676045894623,106.85240390167789,54.296875,25,647.4661748409271,107.07277490910221,54.296875,20.653565406799316,99.98273708810567,0.0,True,dft,0.38196745332343496,,0.8654119148744969,0.6370981246252019,0.00866424888014794,593.7760844230652,106.49974234217166,11.1328125,23,580.9306547641754,106.64267669804579,11.1328125,12.688672065734863,100.01046551016775,0.0,True,acf,,,0.9027175821859904,0.6645617754873362,-0.03057220192273502,578.738178730011,110.18281209636275,18.1015625,26,560.2180888652802,110.51945881542066,18.1015625,18.349910974502563,100.00048515492665,0.0,True,lomb_scargle,0.8002817194632704,,0.9445405214917592,0.6953509473718983,-0.027988246961667684,32.48407030105591,187.47650597844122,0.0,18,27.821402072906494,202.14653399789802,0.0,4.5097832679748535,100.00480581908333,0.0,False,0.6410891898469075,0.4719564331722736,0.08263107421298821,493.3350176811218,99.88546977999299,793.49609375,784.0,238.79494547843933,254.43538761138916,0.9114374407201207,0.6709811526921174,0.00573349160584713,4.113720655441284,41.325120065004484,32.69140625,5.0,3.5231094360351562,0.4850332736968994
cif_2016,M,72,12,0.7325476883075084,424704.4116900701,0.9999370851303008,0.3835175037384033,99.08283097798491,-2.0,0.002506256103515625,0.3756585121154785,1.2626549934411793,732041.2782899351,0.9998135258943306,83.90933203697205,133.57274724891798,-95.73828125,16,82.53798818588257,134.12006087511347,-87.78515625,1.3476717472076416,100.17276111913351,0.0,True,pooled_ensemble,,,2.0522720247996733,1189832.4120499454,0.9993804710435313,85.54670929908752,140.09890150301572,-40.72265625,17,83.9695475101471,140.86058994864348,-39.72265625,1.5552074909210205,100.30815882169448,0.0,True,dft,0.44066068694137966,,2.6326192218010083,1526296.5341986287,0.9987851153330274,80.80370283126831,117.37085885536982,-5.97265625,16,79.5538158416748,117.63106396585653,-5.97265625,1.2298250198364258,100.01422805364749,0.0,True,acf,,,1.2626549934411793,732041.2782899351,0.9998135258943306,83.6133279800415,135.97114568521616,-15.95703125,16,82.32785558700562,136.52730196672428,-15.95703125,1.2644014358520508,99.65189569329132,0.0,True,lomb_scargle,0.8304794982300533,,1.7823037203913787,1033314.6429971271,0.9995633374805161,21.063528299331665,122.15427365422171,-1.98828125,16,19.72598934173584,123.69468307668146,-1.98828125,1.315176010131836,99.60643973947094,0.0,False,5.673711857366563,3289411.044418339,0.9961560964624602,27.66995096206665,98.98824915718016,31.05859375,784.0,7.653324127197266,20.01163077354431,0.7279842495918274,422058.69805494085,0.9999373102326824,2.604315757751465,89.46687793386828,5.796875,6.0,1.5077166557312012,1.091778039932251
covid_deaths,D,266,30,4.864407651327132,67.55083258457168,0.9949876064244184,0.7184915542602539,98.81814139500077,0.0,0.0026526451110839844,0.7017521858215332,25.095921106906275,348.50088371720614,0.8975662364005675,222.66908383369446,120.26815550200602,60.6796875,16,216.86626291275024,120.81178348400279,60.6796875,5.758443832397461,99.85336607175093,0.0,True,pooled_ensemble,,,11.211096338158452,155.68573732134286,0.9746835575174677,230.52930235862732,108.32028616107729,45.984375,16,224.3848421573639,108.55011312626044,45.984375,6.097721099853516,99.87337728756476,0.0,True,dft,0.37560186577820703,,11.436076551375786,158.8099822052475,0.9732957471976444,205.3607635498047,111.7253344962146,33.0,16,199.83647894859314,112.04660989728485,33.0,5.481067419052124,99.98052534351355,0.0,True,acf,1.0,,11.427164248796776,158.68621925143884,0.9758848945018067,219.24274325370789,108.36846705802276,15.05078125,16,213.2585413455963,108.60057399749373,15.05078125,5.939221143722534,100.01311377803808,0.0,True,lomb_scargle,0.9439231610825053,,11.448887975887814,158.98789130629618,0.9744863467660093,43.08372187614441,105.63154253671674,0.0,16,37.73145246505737,106.40989778271073,0.0,5.31053614616394,99.9899041048063,0.0,False,4.354388312169839,60.46831946811674,0.9950550163646066,242.38821029663086,99.95123100398055,286.04296875,784.0,28.99157452583313,213.38232564926147,,,,,,,,,
electricity_hourly,h,321,48,0.8235043858841293,205.93247867591916,0.9791663717948537,630.7921426296234,99.95844231214888,87.7265625,0.15083050727844238,630.0899384021759,1.1887766048854729,297.275542222133,0.9659748326481782,15059.360695362091,101.34009211094906,6240.1015625,16,12048.20702123642,101.68633372920522,4979.53515625,3007.4405632019043,99.96673040810357,274.0234375,True,pooled_ensemble,,,0.9389047331096622,234.79046650400036,0.9661330018584522,16351.18943142891,100.19613599796872,1926.5234375,16,13687.961675405502,100.25159571170028,1335.06640625,2659.7231318950653,99.93972560993889,213.60546875,True,dft,0.5397047916714589,,0.9156529905540085,228.97593890694415,0.9715278031529206,14814.622057437897,99.84790663338869,-160.23046875,16,12166.353089571,99.8428198702585,-924.08984375,2644.0202140808105,99.92208024470317,258.52734375,True,acf,1.0,,0.9095857691426493,227.4587181545915,0.9721436133557384,16150.36259484291,100.32920254789863,-366.43359375,17,12856.760252475739,100.44591130579121,-1298.91015625,3289.449636220932,99.91397843001553,485.703125,True,lomb_scargle,0.6647591477125923,,0.9158265425740871,229.01933879440878,0.9715048058363863,4095.829554080963,99.7961449818475,1009.17578125,16,1456.428641796112,99.62314378895064,496.2109375,2635.501491546631,99.93506011845868,129.6328125,False,,,,,,,,,,0.8229682866397481,205.79841716015298,0.9796140909781258,2048.5707120895386,97.61830471354477,1144.609375,7.0,161.96716213226318,1886.0769612789154
electricity_weekly,W,321,8,1.8114399986896792,37494.281863190685,0.9612023351772924,4.923184394836426,95.26354537762971,0.0,0.0029752254486083984,4.891036033630371,1.3902199394947288,28775.614042390887,0.9798704805848141,1096.1451013088226,103.82202124893445,222.1171875,16,1084.4148569107056,103.8643092006941,222.015625,11.657413959503174,100.0221836550248,0.0,True,pooled_ensemble,,,1.1246469065413618,23278.6226101498,0.9891353344093268,1042.4820957183838,104.55335439108005,4.328125,17,1027.4837024211884,104.62161078243035,4.56640625,14.946702241897583,99.9551590592392,-0.328125,True,dft,0.4260101332266713,,1.3924915674620322,28822.63357345788,0.9797039712035661,1048.989646434784,111.45486554358345,46.2734375,16,1036.7122564315796,111.59123400180921,46.26171875,12.227206945419312,99.94105812184142,0.0,True,acf,0.9986070840181471,,1.3924915674620322,28822.63357345788,0.9797039712035661,1103.830335855484,114.16156623593474,69.44921875,16,1091.2757351398468,114.32399345341638,69.44921875,12.49886178970337,100.00910651158306,0.0,True,lomb_scargle,0.8633005397073649,,1.3902206837213749,28775.629446844614,0.9798704805794148,293.02123761177063,111.2035436938964,0.08203125,16,280.45434522628784,111.71158704893993,0.08203125,12.512793064117432,99.97767833207394,0.0,False,2.6999067455118837,55884.30452776729,0.9477173930285444,292.52536630630493,99.81698465570196,270.45703125,784.0,40.873894929885864,251.6333508491516,1.8160637870613838,37589.987834467596,0.9609645062085026,12.036630392074585,100.36031353055397,28.38671875,7.0,2.0268709659576416,9.99403715133667
fred_md,M,107,12,3.61321466680049,1163.313981511836,0.9981675170613628,5.975334882736206,99.9107182636471,9.9609375,0.004045009613037109,5.960448741912842,7.104795885470697,2287.4667440322883,0.9888077846849387,1999.692679643631,113.8024869104165,1078.46484375,17,1971.8597123622894,114.0020248857837,1067.8203125,27.77354383468628,99.66319085802314,2.9921875,True,pooled_ensemble,,,5.854021138072372,1884.7661337585978,0.9966634295515333,1947.579062461853,109.55087991668067,43.46875,18,1913.6643152236938,109.72300540361786,106.65234375,33.842023611068726,99.84627511739,-65.80859375,True,dft,0.30111713468804646,,3.9867466592040124,1283.576691972317,0.9988470692255261,1903.0180506706238,105.94487000738162,13.66796875,16,1883.6625699996948,106.00783982241171,11.59765625,19.291184902191162,99.94202065737213,0.3359375,True,acf,,,6.597874989868576,2124.2580172458897,0.9942838634675988,1781.766455411911,101.5739180913924,-4.890625,18,1749.7902472019196,101.60360665188013,-5.7109375,31.9276442527771,99.97605757344384,0.0,True,lomb_scargle,0.8026506942667396,,3.9647380819640357,1276.4907898110928,0.9987398449878869,591.9114501476288,100.9796313031154,1.8125,16,570.7868094444275,101.01670018640085,1.8125,21.078076601028442,100.00912511614641,0.0,False,3.8479480298268616,1238.8889551343343,0.9981609390011316,433.32027316093445,128.4361786122344,407.546875,784.0,47.673892974853516,385.63450264930725,,,,,,,,,
hospital,M,767,12,1.009343108523719,22.337530287065487,0.9918256271119306,1.325136661529541,99.61236741257433,0.015625,0.004815816879272461,1.283998966217041,0.8292839371357367,18.352683944550975,0.9965816808652596,589.2943689823151,106.53419293386123,9.99609375,16,581.8816587924957,106.61789912529913,9.2734375,7.332510948181152,99.96575595727815,0.0,True,pooled_ensemble,,,0.827093998412898,18.30421893583875,0.9966071966560691,725.3756899833679,105.16343606958903,0.00390625,17,717.0482685565948,105.22443649697601,0.00390625,8.249186754226685,100.00985849632356,0.0,True,dft,0.280306166439418,,0.8292839371357367,18.352683944550975,0.9965816808652596,686.7622220516205,103.30504171888968,0.90625,16,679.6167540550232,103.33765255338886,0.90625,7.077717065811157,100.17354372991068,0.0,True,acf,,,0.827093998412898,18.30421893583875,0.9966071966560691,653.6498522758484,104.98281268032868,0.01953125,17,645.8888146877289,105.04129883840983,0.01953125,7.686733961105347,100.04248929274368,0.0,True,lomb_scargle,0.8159883678692277,,0.829174816598287,18.35026902410456,0.9965829602995493,66.73288083076477,102.6780189120976,0.0,16,60.11246347427368,102.9736537523383,0.0,6.556020736694336,100.06069631971573,0.0,False,1.1119338188925085,24.607940696253465,0.9829048968614127,270.63613963127136,99.92383144706668,356.65234375,784.0,69.71464252471924,200.8895480632782,1.013400244544435,22.427317791409813,0.9918585906924381,4.080417156219482,76.46277036269221,7.17578125,6.0,1.5876004695892334,2.4611642360687256
kdd_cup_2018_without_missing,h,270,48,4.322530702475399,23.243650599180288,0.7749486549502655,96.1678524017334,99.9398422650724,-0.47265625,0.052278757095336914,95.92925643920898,3.799480032811995,20.431037376014263,0.8784052792663825,5720.742338180542,102.66150182648992,6252.98828125,17,4930.5636649131775,103.11417406856513,5978.83203125,789.2425560951233,99.83876235698455,12.30859375,True,pooled_ensemble,0.8589351939617228,0.9855854768315208,3.8850036153426144,20.890925438623853,0.8728921396882153,7841.6651883125305,100.39870118063786,678.390625,17,7078.746973276138,100.45916356166661,633.05859375,762.0015776157379,99.84624997504542,13.171875,True,dft,0.43489863203277385,,3.8850036153426144,20.890925438623853,0.8728921396882153,7850.990585327148,100.3618577090889,112.78515625,17,7089.646808624268,100.41036164651165,44.0625,760.4265937805176,99.91891475317156,39.9375,True,acf,1.0,,6.005871699488182,32.29552152086835,0.731042763544181,7865.775941133499,101.20273015115745,536.97265625,17,7084.235408306122,101.3429055672308,500.6796875,780.583743095398,99.9444334961832,2.87109375,True,lomb_scargle,0.7178703879234456,,3.8691658596292933,20.80576068551642,0.876040498668049,1678.1581683158875,100.38684265921299,318.13671875,16,1053.5688276290894,100.63035012015835,310.6015625,623.7322018146515,99.98040796766699,0.0,False,,,,,,,,,,4.443099681512578,23.891989133880617,0.7662371137699606,375.61188530921936,91.68772700482674,650.328125,8.0,51.13169288635254,324.34573554992676
m1_monthly,M,617,18,1.5278606644683872,2321.1810527607176,0.8297613213820583,2.680706262588501,98.85454579573315,0.0,0.0027589797973632812,2.6315412521362305,1.4738305038506796,2239.0964831268248,0.8430571035710903,659.8337700366974,101.78927337451154,-21.84765625,16,652.2095460891724,101.80930407743752,-21.84765625,7.535979986190796,100.05334427394479,0.0,True,pooled_ensemble,,,1.4452240497575808,2195.6365258337464,0.8374041639355139,698.1607201099396,101.63275869892321,-18.87109375,17,688.117794752121,101.65701357163495,-18.87109375,9.986408710479736,100.03596177188578,0.0,True,dft,0.2564812555667712,,1.3547163591905513,2058.133976446223,0.8654265059386528,681.1104054450989,102.55312419482682,-0.96875,16,673.0839869976044,102.58155198133656,-0.96875,7.970516920089722,99.9935145976659,0.0,True,acf,,,1.36626905707465,2075.685251939116,0.8587917111603166,687.4794445037842,101.5012165932707,-1.7265625,16,679.466977596283,101.51928242932956,-1.7265625,7.948447227478027,99.89372480893732,0.0,True,lomb_scargle,0.8186758208462266,,1.4740474127353718,2239.426018931386,0.8431085922789792,122.67823624610901,102.94409494659192,0.09765625,16,115.02029037475586,103.14701833341881,0.09765625,7.601226806640625,99.98386041262434,0.0,False,1.5070241892709482,2289.525527777723,0.7767218018702864,216.26552319526672,99.95583059479101,234.9921875,784.0,58.09647846221924,158.14259552955627,1.5247675297267054,2316.481850848529,0.8297798750110937,6.665670871734619,88.51322115255643,24.94921875,6.0,1.343013048171997,5.295995235443115
m1_quarterly,Q,203,8,2.1099061642617283,2138.4050933366457,0.9760772748264279,0.37290287017822266,99.22154791245373,0.0,0.002276182174682617,0.36061668395996094,2.031926393744017,2059.372034295063,0.978623113821889,85.43076395988464,116.7143958197762,-16.81640625,16,84.04827427864075,116.98039114288751,-16.81640625,1.3565771579742432,100.25231458499937,0.0,True,pooled_ensemble,,,2.0318958674321674,2059.3410956581483,0.9786231144720023,88.41531920433044,112.33347444063351,-10.84765625,16,87.02284407615662,112.54516103184294,-10.84765625,1.3669776916503906,99.48955336342145,0.0,True,dft,0.3316769734607188,,2.031926393744017,2059.372034295063,0.978623113821889,87.75928735733032,131.9404515313995,-1.93359375,16,86.37178874015808,132.4622329452866,-1.93359375,1.3614780902862549,99.89143488270442,0.0,True,acf,,,2.054349463642511,2082.097977131464,0.9781099183925125,88.63677144050598,131.59324071081505,-0.98046875,16,87.17580533027649,132.13528634876096,-0.98046875,1.4345314502716064,99.6841163523841,0.0,True,lomb_scargle,0.900087338354209,,2.0318958674321674,2059.3410956581483,0.9786231144720023,19.01012945175171,151.44557575512755,0.0078125,16,17.616690158843994,155.42079558147628,0.0078125,1.366849422454834,100.9621087246295,0.0,False,4.07538104151532,4130.4280370749775,0.8469287332876161,44.92630624771118,99.22916821649649,1.015625,784.0,18.870596408843994,26.04565930366516,2.0910539612591115,2119.298249817129,0.976263694053047,2.2127511501312256,72.3081761772043,0.34375,7.0,1.0634067058563232,1.1391592025756836
m1_yearly,Y,181,6,2.128184705154337,82559.28444544354,0.9668441501108724,0.1973423957824707,96.27936219515433,3.0390625,0.0029108524322509766,0.18440556526184082,2.077363276261377,80587.75406382965,0.9703107324093676,39.00911545753479,379.42413783035727,48.2734375,17,38.38986325263977,383.9294738562664,47.6171875,0.5922179222106934,99.62548883991717,0.0,True,pooled_ensemble,,,2.075805185351948,80527.3105927945,0.9702979255634504,38.73908090591431,393.8916371573081,0.29296875,17,38.108715534210205,398.7276870132095,0.29296875,0.6027510166168213,101.20264971494863,0.0,True,dft,0.5071248925408203,,2.0763260339242424,80547.51602201731,0.9709457744487758,38.05210733413696,428.41254117285905,2.2265625,17,37.37270164489746,434.3812270852099,2.2265625,0.6501688957214355,98.43596090364095,0.0,True,acf,,,2.0758063615168094,80527.35622009796,0.9702979255517189,31.5195631980896,230.26968852283804,0.26171875,17,30.951313257217407,232.68802651921698,0.26171875,0.5451362133026123,99.05781102462115,0.0,True,lomb_scargle,0.9211614025694357,,2.049157881594306,79493.57403538807,0.9689663870163507,7.107216119766235,166.73194961728134,0.91015625,16,6.633110046386719,171.41280516209054,0.91015625,0.45173072814941406,99.61686729692735,0.0,False,2.1078128099865405,81768.99162744825,0.9650041648544658,25.800978660583496,99.45359180968268,64.62890625,784.0,16.954932689666748,8.836683511734009,2.124462604522705,82414.88775715341,0.9668458823765835,1.4466328620910645,58.065872966953414,10.7421875,5.0,1.1397416591644287,0.29900169372558594
m4_daily,D,4227,14,1.2239003963352328,63.41219075798341,0.9939807142318443,796.1742451190948,99.98439473270373,75.0703125,0.16268634796142578,795.6156859397888,1.5617441737640088,80.9164044381653,0.9822896605757246,20676.90979361534,100.18305543121508,674.78125,17,16631.769011974335,100.24020889177156,-440.8203125,4042.552225828171,99.95071861247844,44.66015625,True,pooled_ensemble,0.9017570211233161,0.8084781256850828,1.5604626433339268,80.85000634536473,0.9823621435999812,19919.913143396378,100.04777559287088,501.17578125,17,15866.22685456276,100.07413952633522,-651.83984375,4050.547681093216,99.94796552814189,47.9375,True,dft,0.38537510623163995,,1.6997284967255086,88.06558768497682,0.9825469085484967,19957.212694883347,99.9803444752365,4701.83984375,17,15486.778015851974,100.00860078285274,3158.171875,4465.659111499786,99.92365938790513,136.78515625,True,acf,0.98110508578681,,1.5628626379352692,80.9743538134546,0.9822962403737133,20241.834269285202,100.1213611888527,502.59765625,17,16150.365265369415,100.1607687145396,-294.48046875,4088.6822698116302,99.97010602118303,81.49609375,True,lomb_scargle,0.8224089564598221,,1.5393938140697503,79.75839740043112,0.9852506695977423,6638.753270864487,100.12181096066641,2354.078125,16,3305.8287541866302,100.27682153232469,1265.0234375,3330.4127974510193,99.97049022115903,24.70703125,False,,,,,,,,,,1.2189256250457243,63.15444008894838,0.9941858713603755,3804.8891348838806,98.79972495216282,-154.61328125,8.0,266.88215136528015,3537.396316051483
m4_hourly,H,414,48,1.129460021101959,311.2914249858505,0.9981259937146383,13.333351850509644,99.5998616768611,6.578125,0.010749578475952148,13.291970252990723,1.1764513759248658,324.24275175398753,0.997935473400687,3752.7515454292297,100.94966197840043,1073.44140625,16,3699.8776018619537,100.9636102048377,1070.65625,52.74689435958862,99.98692935446842,0.00390625,True,pooled_ensemble,0.8443545843192353,0.9880682040822792,1.1764513759248658,324.24275175398753,0.997935473400687,5170.815836191177,100.4785350047789,3.84375,16,5117.887928247452,100.48383380214085,3.79296875,52.83036661148071,99.9803775514994,0.00390625,True,dft,0.5334153587923308,,1.1764513759248658,324.24275175398753,0.997935473400687,5277.559364318848,100.49228504859275,183.34375,16,5225.212938070297,100.49733976849755,183.3125,52.24783635139465,99.98500157721995,0.015625,True,acf,0.9885927280441633,,1.1764513759248658,324.24275175398753,0.997935473400687,5755.780914783478,100.62839579462836,3954.74609375,16,5699.93866443634,100.63511798450624,3917.89453125,55.711575746536255,99.96127241736075,0.0078125,True,lomb_scargle,0.7001164405943071,,1.1764513759248658,324.24275175398753,0.997935473400687,797.4254157543182,102.4622471089803,482.37890625,16,744.507031917572,102.63704266591817,459.37109375,52.79961323738098,100.00073251032799,0.0,False,22.22244653622926,6124.747153232979,0.7566128722260954,1999.4315977096558,142.3329511877233,2087.64453125,785.0,199.73588967323303,1799.6731624603271,1.130489702299644,311.5752162855158,0.9981259689777764,45.41090774536133,91.60794634027229,-1633.3125,7.0,6.448446989059448,38.939316749572754
m4_monthly,M,48000,18,1.1596846804045575,366.1129278400078,0.9179758584626204,759.166707277298,99.98594415741995,0.0,0.14728546142578125,757.131439447403,1.2181556194230574,384.57222719899363,0.9139978784120212,20653.66587638855,100.13326507640907,2630.875,17,17074.725897312164,100.16828441557799,1488.03515625,3574.250624895096,99.97032595062842,42.7265625,True,pooled_ensemble,0.8903912643879839,0.6545789770206486,1.2173897531003868,384.3304428877366,0.9146157749082116,20625.27783346176,100.07147620825899,657.15234375,16,17778.57957458496,100.09117953066516,-481.94921875,2841.543521165848,99.95623782790646,41.33203125,True,dft,0.1965579035783964,,1.7823378665918197,562.6847933443477,0.8968906042756395,21618.000118255615,100.01235027167074,2578.5625,16,18640.11206817627,100.0226819013119,1467.5,2973.41219830513,99.9558689405432,81.6015625,True,acf,,,1.2171561717126307,384.2567011481022,0.9145271285087226,20606.897339344025,100.09051658941573,1135.734375,16,17496.42794394493,100.12483723034808,653.3828125,3105.9806587696075,99.90854229044905,316.17578125,True,lomb_scargle,0.7929540517644248,,1.2171451781019598,384.25323046071776,0.9145115559216451,6024.832891702652,100.08908310643338,1313.33984375,16,3185.3484904766083,100.24554643068959,273.37890625,2834.992039203644,99.92761746152135,48.453125,False,,,,,,,,,,1.159713529391868,366.1220354770991,0.9180606125182836,3806.757499694824,98.95849683889766,632.14453125,9.0,226.86236882209778,3577.859667301178
m4_quarterly,Q,24000,8,1.3974196272525437,435.09680183542486,0.9345970400794753,139.28806805610657,99.9367727204958,2.57421875,0.03952956199645996,138.37808394432068,1.8900892061003298,588.4930716013841,0.917005832510899,17927.880028009415,100.18808677845847,4919.27734375,16,17401.735921382904,100.19563610648328,4900.96484375,524.7184834480286,99.95264442632235,0.41796875,True,pooled_ensemble,0.9101342439488158,0.5211084366414267,1.7698276637346937,551.0487625000727,0.9169633944225308,18774.117085695267,100.18511077855806,-465.5625,17,18100.397696971893,100.19282616665346,-467.69921875,672.3473606109619,99.98551929900142,0.1171875,True,dft,0.43610625608681475,,1.673664878490393,521.1077773447091,0.9273541483572435,18562.964064598083,100.11375303711434,1635.0,18,17856.72352027893,100.1189270791865,1634.80078125,704.9266781806946,99.98344818201547,0.00390625,True,acf,,,1.5896139219698442,494.9378984764699,0.9271662222510951,17957.143253803253,100.14031600595162,4591.453125,16,17452.68733215332,100.14858839417184,4539.75390625,502.5771315097809,99.93291944884778,-14.125,True,lomb_scargle,0.9101342439488158,,1.5953782382196198,496.7326604192203,0.9267114429704708,3337.943734884262,100.21229432484687,1758.26171875,17,2722.6468670368195,100.30570005474976,1658.30859375,613.81866979599,99.81449410843686,2.4921875,False,,,,,,,,,,1.3971131617178312,435.00138155405364,0.9342990461610243,615.3890962600708,96.24479920094194,-1803.3515625,8.0,42.22496771812439,572.2820980548859
m4_weekly,W,359,13,0.9328071760600907,205.13384300603548,0.9934236558305732,23.78059697151184,99.91338749179761,0.4453125,0.008218526840209961,23.738722801208496,2.4955967977341773,548.8072721256482,0.944076954991485,11474.724161624908,100.45173929799938,398.4140625,16,11375.85708975792,100.45572750987482,395.234375,98.75514340400696,99.99479176088487,0.00390625,True,pooled_ensemble,0.9852432706230598,0.7341454504573136,2.4955967977341773,548.8072721256482,0.944076954991485,11814.95610666275,100.2327887898097,0.4140625,16,11716.27692437172,100.23508385646795,0.375,98.57525515556335,99.96423528856243,0.0,True,dft,0.3330971635115668,,2.5955955168663594,570.798013704103,0.9351777093239652,11506.391573905945,100.23768030071281,1.30859375,17,11384.58283495903,100.24038794778616,1.2890625,121.70635557174683,99.986561448112,0.0078125,True,acf,0.9852432706230598,,2.711254256203901,596.2325539675613,0.9263569561594792,12253.283079147339,100.44255013535879,539.9140625,17,12130.880759239197,100.44736439041715,539.53125,122.29566097259521,99.97084036153299,0.0,True,lomb_scargle,0.4332150661869842,,2.4955967977341773,548.8072721256482,0.944076954991485,2481.5542204380035,100.26941904016975,1530.08984375,16,2381.3211374282837,100.28256846445261,1491.00390625,100.11436581611633,99.96567344173211,0.03125,False,2.4903838736561057,547.6608967794056,0.9412250639660082,2586.4875588417053,123.22580053032685,2211.70703125,785.0,313.4642059803009,2273.002677679062,0.9447350065279136,207.75689497795918,0.9926927757461308,73.82814908027649,94.47615966121326,47.5703125,5.0,8.457827806472778,65.34914135932922
m4_yearly,Y,22974,6,1.6532463733636964,425.08274989985694,0.922386382014372,40.296939849853516,99.75943619983374,7.55859375,0.013900279998779297,39.48491954803467,1.7047220970884236,438.3181893035269,0.9253451026394849,18032.646932840347,100.15723186543413,6293.4375,17,17908.524572134018,100.16017750513416,6235.97265625,123.14554858207703,99.7437596521279,8.40234375,True,pooled_ensemble,,,1.7014501887622422,437.47691615082454,0.9256643007819948,19216.740681648254,100.10147047657443,1928.07421875,17,19091.100686073303,100.10433821629377,1884.4375,124.56421446800232,99.75577699478104,21.1171875,True,dft,0.527710802589347,,1.7092986351679023,439.4949088918409,0.9233722808421219,9571.365959405899,100.28014852538105,-1035.234375,16,9477.164383172989,100.28421599265323,-1055.640625,93.17707681655884,99.92801146070475,0.046875,True,acf,,,1.7127755258020636,440.38888710082574,0.9230617942565896,18651.896481990814,100.09084072510022,-538.75390625,17,18522.793035030365,100.09478573202453,-606.28515625,127.95379161834717,99.66879323153873,48.78125,True,lomb_scargle,0.7160273186610806,,1.7121107680916405,440.21796458128085,0.9233804340461698,3494.835513353348,100.24534735937902,62.046875,16,3400.8130972385406,100.25455391148932,40.18359375,92.90762376785278,99.99179424943894,0.01171875,False,2.1992004797533573,565.4584837301721,0.8916538016902191,9437.801842451096,99.90355972075885,819.21484375,785.0,1943.4180326461792,7493.412096738815,1.6478477826740077,423.69466412333253,0.9277704761945619,136.88077092170715,95.31652921112347,191.22265625,7.0,11.029719114303589,125.03675723075867
nn5_daily_without_missing,D,111,56,0.9351017521759771,6.14581780802189,0.34083608668293897,3.3822102546691895,99.93465058341235,0.09375,0.004540920257568359,3.3685309886932373,0.62049039040978,4.078081216523303,0.6669513304754751,1262.7846953868866,102.61290026190918,4.81640625,22,1231.8604838848114,102.67883551318427,4.36328125,30.874152183532715,99.98655126297015,0.0,True,pooled_ensemble,0.8941427161699291,0.7125096466336375,0.5976885423378858,3.9282194462828333,0.6937043173065602,1304.928236246109,100.80324445917717,0.1484375,21,1281.3305637836456,100.81863622962194,0.14453125,23.55417799949646,100.02471748537074,0.0,True,dft,0.37141839005115723,,0.7330058409709141,4.817572355457766,0.5829041718735944,1323.7966594696045,100.75943238400495,0.51171875,21,1295.6004796028137,100.77875244382962,0.46875,28.12139582633972,99.99503642586428,0.0,True,acf,0.934123672993427,,0.8089644409774193,5.316799007002461,0.44756104837670463,1338.5208094120026,101.50010298284533,59.61328125,20,1315.4685802459717,101.52656019730057,59.421875,23.005306482315063,99.97693365954875,0.0,True,lomb_scargle,0.8541617593464311,,0.6525241422602599,4.288618307403851,0.6411236927506488,436.5120210647583,100.55393180910428,60.76953125,23,403.54744029045105,100.59783794138613,60.76171875,32.920695781707764,99.99788649148967,0.0,False,0.8868789628082859,5.828880665129368,0.417592886344168,375.3670449256897,137.94498131888687,448.61328125,784.0,41.24366092681885,334.1140742301941,0.935189895996086,6.146397120228324,0.3386425909598757,15.665837526321411,90.32392922640207,4.4296875,8.0,3.557363986968994,12.09884762763977
nn5_weekly,W,111,8,0.9898357675489401,15.878044643950435,0.7781973426813784,0.6197984218597412,96.80566759046766,2.55078125,0.016501426696777344,0.5949060916900635,1.080681914743843,17.335315868310634,0.6776678386279679,185.93963098526,106.12584254060458,229.7421875,18,182.84552597999573,106.25909436868066,225.31640625,3.0054643154144287,100.15091460451906,0.1171875,True,pooled_ensemble,,,0.9764127775621964,15.662725253348318,0.7755655254390228,176.32317090034485,104.21772649713421,1.55859375,20,173.515207529068,104.28480741071917,1.56640625,2.7823734283447266,99.91469770657986,0.01171875,True,dft,0.451656273653914,,1.0013485767542523,16.062722652699186,0.7641548985483054,183.27259993553162,105.23122390790756,57.671875,18,180.19539856910706,105.32455407134562,57.671875,3.0525455474853516,99.91660902539068,0.0,True,acf,0.9927426858148661,,0.814057688756245,13.05837265997128,0.8349177514988858,179.4293990135193,106.65476284941555,13.91015625,23,174.54500603675842,106.84350370970907,13.91015625,4.860299825668335,99.99383112815038,0.0,True,lomb_scargle,0.8684303897900426,,0.8989556779536937,14.420228946491118,0.8081484547795393,49.030805826187134,104.93402899065367,0.01953125,18,46.41086673736572,105.21242853819317,0.01953125,2.5959527492523193,99.77069115539463,0.0,False,0.9301295368645423,14.920291623288854,0.729191337963731,53.3053297996521,99.25836721929898,197.16796875,784.0,11.134567737579346,42.16441011428833,0.9933078351778458,15.933740393312064,0.775634652878143,3.1039602756500244,82.47528230572766,18.69140625,7.0,1.0331425666809082,2.0636632442474365
pedestrian_counts,h,66,48,0.3615349554243393,62.758730223246786,0.9024060267842953,131.43070697784424,99.99185351878454,-1.0,0.06395554542541504,131.2307403087616,0.3730362671388901,64.75523902074264,0.9005148366420634,11866.458233594894,101.21520476932939,1066.84765625,18,10296.175942897797,101.4070666420783,1030.296875,1569.3304417133331,99.96046455884382,29.02734375,True,pooled_ensemble,0.9902866455104133,0.9725550233444225,0.42946590531073237,74.55084076128642,0.8287695773395765,13949.635259628296,100.25394743097138,7425.98046875,17,12483.104622602463,100.28787211582342,7086.29296875,1465.4119944572449,99.96915581017798,11.94140625,True,dft,0.3402864880993282,,0.3223582222422238,55.95805440500202,0.9284094000962629,12757.161791086197,100.2043417598734,1184.17578125,18,11121.252628326416,100.24383378905102,1244.0546875,1634.4757034778595,99.95804749642944,-199.89453125,True,acf,0.9902866455104133,,0.3360863122365645,58.3411088884172,0.902778605638739,14409.46383023262,100.90451783149574,583.9921875,22,12128.80114364624,101.09622422512392,839.27734375,2279.3160350322723,99.89882776250303,-350.7421875,True,lomb_scargle,0.48528078674567315,,0.35672454092131944,61.92369200210804,0.9067887302258926,3273.90918636322,100.23094145886127,1554.57421875,16,2233.7167093753815,100.357399422725,1554.5703125,1039.296085357666,99.95900250528503,0.0,False,,,,,,,,,,0.3616157462499795,62.77275467525286,0.9018893109468089,383.6706488132477,89.46475344458182,-3273.19140625,5.0,63.85428524017334,319.6145055294037
tourism_monthly,M,366,24,1.8820661589790124,4050.408549198506,0.9135989530245933,4.405508518218994,99.87496294250226,10.8984375,0.004251718521118164,4.380460977554321,1.9066530340440064,4103.322145506593,0.8889827883751328,2137.2927465438843,100.86545249760599,1373.765625,16,2119.259858608246,100.87342480991973,1366.359375,17.968032121658325,99.95529771093516,0.0,True,pooled_ensemble,,,1.6697952110747603,3593.5786667653238,0.900931586653177,2221.134293794632,100.47163767785835,57.86328125,17,2194.8933906555176,100.47822866427913,57.86328125,26.179083824157715,99.92710278065479,0.0,True,dft,0.29462833349612516,,2.201251023725128,4737.32866556879,0.7866331471016229,2327.0313568115234,100.55644472304053,35.53125,18,2294.451494216919,100.56651909250829,35.53125,32.5174298286438,99.8541402906287,0.0,True,acf,,,1.8882568205023065,4063.7315178091035,0.8925705396423376,2125.1396367549896,100.73408650307947,12.92578125,16,2106.729927301407,100.74143688263837,12.92578125,18.348289489746094,99.90032046444227,0.0,True,lomb_scargle,0.820365103392276,,1.8882437001954697,4063.7032814993827,0.8925705690811383,484.86412167549133,107.52703215044946,197.79296875,16,464.6766550540924,107.86210035484886,186.58203125,20.111520290374756,99.79354971789662,0.0,False,1.9934362448246246,4290.088937521704,0.9041549608885694,704.7917971611023,99.8465082645031,655.3046875,784.0,54.823973655700684,649.9479188919067,1.875515226821523,4036.3102394821735,0.9137620271008342,16.364274501800537,90.19648257780068,24.765625,7.0,2.5544469356536865,13.790402173995972
tourism_quarterly,Q,427,8,2.0546927383519566,18717.351918313296,0.9761710123898976,2.102954149246216,100.3350453815207,0.0,0.002977609634399414,2.0806314945220947,2.8870798764713395,26300.034577207945,0.7960162945093472,805.4908487796783,102.1563437060319,0.0,16,798.1102812290192,102.17635572169723,0.0,7.335726976394653,100.05824949073545,0.0,True,pooled_ensemble,,,2.5994377597689793,23679.740737475502,0.9363851350892302,784.5361363887787,102.28846866045747,0.23046875,16,776.9489285945892,102.31174415001747,0.23046875,7.54190993309021,99.97467573722994,0.0,True,dft,0.3248264450819407,,2.834523173576695,25821.266007395254,0.7705931714563873,791.1023237705231,101.15252805553907,0.0,17,781.4566066265106,101.16620594108652,0.0,9.600067853927612,99.99929319323468,0.0,True,acf,,,2.6644947836179345,24272.38176229155,0.9318241975274644,786.4282364845276,101.63800877408148,0.0,16,778.7897126674652,101.65388514036955,0.0,7.530279874801636,99.99628334129072,0.0,True,lomb_scargle,0.9071039129581592,,2.5827525250929537,23527.74554936708,0.9199745390418005,202.13154983520508,100.84026969870908,0.0,16,195.1745216846466,100.86869858868741,0.0,6.911638975143433,99.97628673677151,0.0,False,2.103729935223196,19164.059328036656,0.9739639418350291,220.91466736793518,99.94356763658044,221.69140625,784.0,42.01965546607971,178.87583756446838,2.0482580834969317,18658.73502774552,0.9761047361512969,6.541556119918823,87.440968099055,-1.47265625,6.0,1.4009621143341064,5.120314359664917
tourism_yearly,Y,518,4,3.8940955194810085,87101.31843378706,0.8959246847499326,0.5429825782775879,97.60902489380089,0.0,0.0023860931396484375,0.5187232494354248,3.844364859256314,85988.96614286769,0.8871700768797594,26.37760591506958,108.76650478582408,33.51953125,16,24.911856174468994,109.34552531624253,33.515625,1.425234079360962,99.63275651089988,0.0,False,,,,3.8432186620544897,85963.32853665989,0.8863205304644174,113.43951177597046,112.95887825492518,102.07421875,16,111.98848366737366,113.13663320625207,102.07421875,1.4105207920074463,99.25412003374329,0.0,True,dft,0.4773799116476038,,3.8443648536396116,85988.9660172359,0.8871700768797997,102.58088636398315,110.53716147242416,2.6875,16,101.12262892723083,110.69728030958686,2.6875,1.4179894924163818,100.14178578856401,0.0,True,acf,,,3.8443648536396116,85988.9660172359,0.8871700768797997,103.02523064613342,112.34141314134862,3.61328125,16,101.55069088935852,112.52508377761747,3.61328125,1.4340260028839111,99.71925175165131,0.0,True,lomb_scargle,,,3.8342878043813875,85763.56726368131,0.887448021599253,25.489341735839844,118.5593583121392,0.015625,16,24.033801078796387,119.62319196094369,0.015625,1.415320634841919,100.33062226628044,0.0,False,3.6745616530476335,82190.88695835105,0.900664505352996,92.30645942687988,99.59216350706407,92.3671875,784.0,46.37871026992798,45.9057240486145,3.8816115856170654,86822.08740781368,0.8961458573645369,2.3317930698394775,72.04755952532497,0.515625,6.0,1.2959609031677246,1.0173451900482178
vehicle_trips_without_missing,D,329,30,1.0730213104572568,20.424178669795165,0.9255708071209385,0.4987785816192627,100.24488188261253,0.0,0.002618551254272461,0.4808840751647949,1.0770125759956213,20.500149500644195,0.930589296752529,310.1846053600311,107.55852941597612,8.9921875,16,306.0565927028656,107.65982757963182,8.9921875,4.086079359054565,99.8512177928462,0.0,True,pooled_ensemble,,,0.8465796581697741,16.11402684006838,0.952933384549742,324.11944556236267,103.18418242994711,-0.98046875,16,319.3378803730011,103.23235051693361,0.00390625,4.73910117149353,100.0189662231699,0.0,True,dft,0.47894398085873824,,1.1078260160643274,21.086660876756653,0.9264096913420422,320.79953479766846,105.4303274514786,-0.84765625,16,316.71980261802673,105.50019204292782,-0.84765625,4.037562847137451,100.06036197963209,0.0,True,acf,0.9982905630309634,,1.2042429314442806,22.921886596245407,0.9119565637374499,288.23575162887573,104.96269053727288,0.76953125,18,282.7754080295563,105.0621771073352,0.76953125,5.4194090366363525,100.01090457202817,0.0,True,lomb_scargle,0.9313930383073776,,1.1088970693351015,21.107047595225307,0.9266793208859678,48.7325325012207,104.94016496827123,0.0,16,44.67581534385681,105.38140073692803,0.0,4.014163970947266,99.89626804048451,0.0,False,0.8946293982199033,17.02861862520529,0.945023048278198,127.55212926864624,99.92777128130072,134.25,784.0,31.16094708442688,96.37581849098206,1.0757907507314692,20.476892947158152,0.9255123272383691,2.2726356983184814,69.08278353462627,-1.06640625,6.0,1.230252742767334,1.0263681411743164
