dataset,Landmarker_1NN,Landmarker_dt,Landmarker_gnb,Landmarker_lda,best_node.mean,best_node.sd,elite_nn.mean,elite_nn.sd,linear_discr.mean,linear_discr.sd,naive_bayes.mean,naive_bayes.sd,one_nn.mean,one_nn.sd,random_node.mean,random_node.sd,worst_node.mean,worst_node.sd,multiply,add,subtract,abs,square
abalone.csv,0.5851041260000001,0.571704651,0.570744905,0.636582784,0.561641022,0.04862517,0.526447741,0.025527697000000002,0.637057244,0.028439841,0.575057657,0.065510462,0.5601952889999999,0.022007451,0.55278361,0.054990262000000005,0.444340987,0.015850747,0.034482759,0.448275862,0.310344828,0.068965517,0.137931034
adult.csv,0.7340813190000001,0.8148109490000001,0.795032966,0.8422668959999999,0.760718235,9.42e-05,0.680541245,0.007444566,0.821137598,0.003536988,0.817861762,0.003868475,0.737582292,0.004731283,0.760718235,9.42e-05,0.760718235,9.42e-05,0.26213592199999997,0.08737864099999999,0.12621359199999999,0.26213592199999997,0.26213592199999997
analcatdata_authorship.csv,0.992869853,0.915582105,0.978605321,0.996437045,0.627857143,0.069877786,0.524411765,0.061883775999999995,0.9964285709999999,0.005750546,0.982240896,0.024332944,0.9892857140000001,0.013101248999999999,0.473235294,0.101377182,0.44460784299999995,0.050601880999999994,0.196560197,0.28992629,0.122850123,0.22604422600000001,0.164619165
analcatdata_cyyoung9302.csv,0.750179211,0.815412186,0.52078853,0.716487455,0.86,0.11248532900000001,0.75,0.112002596,0.8611111109999999,0.142988867,0.74,0.135800224,0.815555556,0.187189157,0.793333333,0.034822694,0.793333333,0.034822694,0.085714286,0.171428571,0.342857143,0.085714286,0.314285714
analcatdata_dmft.csv,0.732732775,0.720182532,0.805523242,0.805523242,0.805537975,0.005901519,0.805537975,0.005901519,0.805537975,0.005901519,0.805537975,0.005901519,0.7503639240000001,0.024911053,0.805537975,0.005901519,0.805537975,0.005901519,0.116883117,0.37662337700000004,0.272727273,0.116883117,0.116883117
analcatdata_homerun.csv,0.46296296299999995,0.425925926,0.25308642,0.49382716,0.6139705879999999,0.032928992000000004,0.44705882399999997,0.152288546,0.492647059,0.122315955,0.225,0.11760620199999999,0.338602941,0.227739804,0.619852941,0.018027623,0.596323529,0.08668643300000001,0.166666667,0.311111111,0.18888888899999998,0.15555555599999998,0.177777778
analcatdata_marketing.csv,0.47747074899999997,0.471029375,0.496888225,0.499968882,0.55518018,0.022991038999999998,0.371021021,0.103235917,0.560735736,0.060768521,0.538888889,0.06919933,0.506156156,0.10840418,0.557882883,0.01874523,0.560660661,0.020351361999999998,0.249169435,0.24584717600000003,0.23255814,0.07641196,0.19601328899999998
analcatdata_reviewer.csv,0.630608674,0.69133025,0.145127692,0.707099113,0.554054054,0.056292205,0.147795164,0.063590984,0.543314367,0.069780624,0.530014225,0.08271366200000001,0.14786628699999999,0.060112969,0.40633001399999996,0.046601650999999994,0.40113798,0.028370366,0.21621621600000002,0.202702703,0.364864865,0.067567568,0.148648649
AP_Breast_Omentum.csv,0.866953732,0.921580547,0.96195542,0.966717325,0.957198228,0.031384545,0.916777409,0.050595771,0.976245847,0.027493427999999997,0.95503876,0.033850148999999996,0.926301218,0.04827868,0.817109635,0.011278568000000001,0.807585825,0.034565621,0.19742141100000002,0.198380268,0.202510732,0.199324374,0.202363215
AP_Breast_Prostate.csv,0.985489615,0.9830212629999999,0.9951514509999999,0.987869812,0.9855981420000001,0.020140562,0.983101045,0.016187293999999998,0.995180023,0.010162325,0.992740999,0.011689171000000002,0.987921022,0.012734126,0.832926829,0.007532218,0.8158536590000001,0.033578647,0.198475087,0.19903658600000002,0.201873633,0.198312548,0.20230214600000002
AP_Endometrium_Lung.csv,0.914405189,0.887694146,0.9251578770000001,0.9464072370000001,0.8932748540000001,0.049338345,0.834502924,0.08708019300000001,0.9567251459999999,0.066531445,0.945906433,0.056752437,0.951169591,0.060461068,0.673684211,0.016948979,0.673684211,0.016948979,0.198803457,0.199143216,0.20152153,0.198951178,0.201580619
AP_Endometrium_Prostate.csv,0.992248062,0.968992248,0.984672304,0.946088795,0.992307692,0.024325213,0.984615385,0.032433617000000005,0.992307692,0.024325213,0.976923077,0.05191912,0.984615385,0.032433617000000005,0.7307692309999999,0.08308641900000001,0.784615385,0.08733018599999999,0.20181025800000002,0.19982933600000002,0.199006491,0.19623320000000002,0.20312071399999998
AP_Endometrium_Uterus.csv,0.686761854,0.75630178,0.58919443,0.70800282,0.7935672509999999,0.08912881,0.810818713,0.101897776,0.7619883040000001,0.077216115,0.7236842109999999,0.067078202,0.695906433,0.086222887,0.670175439,0.016121694,0.680994152,0.038948567999999996,0.19851423899999998,0.198882731,0.20230234100000002,0.199177525,0.201123165
AP_Lung_Uterus.csv,0.872059667,0.936077644,0.920013387,0.9321572,0.94,0.033993463,0.8959999999999999,0.038643671,0.932,0.068117545,0.904,0.071055534,0.9079999999999999,0.037947332,0.56,0.07055336799999999,0.6920000000000001,0.075542483,0.19825241,0.19791235399999998,0.201386835,0.20063279899999997,0.201815601
AP_Prostate_Lung.csv,0.958974359,0.9487179490000001,0.979487179,0.974358974,0.979736842,0.035220145,0.953947368,0.037877067,0.984736842,0.024586452999999998,0.979736842,0.026170652000000003,0.979736842,0.035220145,0.6410526320000001,0.021672171,0.686842105,0.10995396199999999,0.198845092,0.198933704,0.20153298600000003,0.198342958,0.20234526100000003
arrhythmia.csv,0.7193675890000001,0.7496706190000001,0.7648221340000001,0.7944664029999999,0.6175362320000001,0.05674863,0.566425121,0.103326258,0.661400966,0.06141009,0.681497585,0.051801843,0.593043478,0.07254717,0.542028986,0.010171731,0.570869565,0.049544093,0.29979571,0.238508682,0.193054137,0.129724208,0.138917263
arsenic-male-bladder.csv,0.95882928,0.9552354670000001,0.978532958,0.976740843,0.8910064940000001,0.27591086800000003,0.837435065,0.28536591,0.967792208,0.021963992,0.969577922,0.031566149,0.9337012990000001,0.050841341,0.9570779220000001,0.009167630999999999,0.901720779,0.20449236899999998,0.115384615,0.115384615,0.153846154,0.384615385,0.23076923100000002
audiology.csv,0.906959064,0.933684211,0.915906433,0.9116374270000001,0.8446640320000001,0.064593575,0.8310276679999999,0.073870934,0.910671937,0.084124647,0.898023715,0.083909774,0.8503952570000001,0.092000711,0.748023715,0.017435415,0.748023715,0.017435415,0.083011583,0.359073359,0.281853282,0.106177606,0.16988417
autoHorse.csv,0.86163522,0.968553459,0.924528302,0.905660377,0.836190476,0.213855535,0.8219047620000001,0.206586555,0.8578571429999999,0.145205782,0.8423809520000001,0.17537276300000001,0.784761905,0.14278305,0.719761905,0.216944267,0.623571429,0.06243616,0.35,0.161111111,0.061111110999999996,0.29444444399999997,0.133333333
autoMpg.csv,0.8493442940000001,0.882560188,0.882521041,0.89780779,0.876730769,0.073612305,0.8517307690000001,0.05615883,0.886858974,0.036115852000000004,0.8893589740000001,0.051933364,0.841666667,0.074034068,0.627371795,0.20616415100000002,0.770961538,0.10025127800000001,0.038461537999999997,0.46153846200000004,0.192307692,0.192307692,0.115384615
autos.csv,0.337526205,0.793035174,0.636967156,0.7249010020000001,0.450238095,0.107950804,0.519047619,0.18402775100000002,0.5811904760000001,0.128598126,0.45404761899999996,0.124322553,0.5530952379999999,0.12902160099999999,0.317619048,0.080524859,0.336428571,0.024100079,0.21192053,0.278145695,0.271523179,0.132450331,0.105960265
biomed.csv,0.942948718,0.891586538,0.886378205,0.886378205,0.785,0.107738205,0.5928571429999999,0.100671717,0.856666667,0.077451535,0.8614285709999999,0.09080835699999999,0.904285714,0.055006356,0.641190476,0.023863695,0.679285714,0.098387414,0.31147541,0.295081967,0.11475409800000001,0.131147541,0.14754098400000001
braziltourism.csv,0.7190082640000001,0.743801653,0.741046832,0.768595041,0.788908246,0.04258372,0.730720093,0.056786685999999996,0.798606272,0.04269142,0.779326365,0.058071364,0.691986063,0.08533543,0.771893148,0.011263242,0.771893148,0.011263242,0.36065573799999995,0.18032786899999997,0.24590163899999998,0.06557377,0.14754098400000001
bridges.csv,0.333333333,0.5555555560000001,0.5,0.583333333,0.571818182,0.041205436,0.46363636399999997,0.1971328,0.646363636,0.1568427,0.339090909,0.144189575,0.366363636,0.15681928,0.543636364,0.048636128,0.485454545,0.122358218,0.23943662,0.535211268,0.098591549,0.028169014,0.098591549
car.csv,0.771412037,0.962384259,0.802662037,0.889467593,0.7002352470000001,0.001714548,0.7002352470000001,0.001714548,0.655689609,0.029267856000000002,0.601845006,0.032657586,0.65065533,0.12967443,0.7002352470000001,0.001714548,0.7002352470000001,0.001714548,0.106382979,0.212765957,0.212765957,0.14893617,0.319148936
churn.csv,0.8029971440000001,0.911199993,0.87040179,0.855001989,0.87,0.010913804,0.7906,0.008591986,0.857,0.009249625,0.8694,0.012112436,0.8114,0.014175096000000002,0.8586,0.000966092,0.8586,0.000966092,0.110344828,0.49655172399999997,0.15862069,0.08965517199999999,0.144827586
colleges_aaup.csv,0.740223464,0.7541899440000001,0.525139665,0.567039106,0.714065724,0.030313925,0.71061008,0.027712874,0.804568229,0.06507346,0.771809608,0.076864194,0.6460064839999999,0.08246800900000001,0.540089891,0.056819654000000004,0.52542735,0.058907762999999995,0.18,0.18666666699999998,0.073333333,0.18,0.38
connect-4.csv,0.6081087079999999,0.727844635,0.606672884,0.660967775,0.65830336,6.670000000000001e-05,0.628877664,0.18194821,0.64604707,0.013183456000000001,0.549502649,0.079077181,0.508045625,0.040020001,0.65830336,6.670000000000001e-05,0.657844506,0.001092444,0.204013378,0.24749163899999999,0.157190635,0.20735786,0.18394648800000002
dataset_105_lung-cancer.csv,0.62962963,0.37037037,0.666666667,0.592592593,0.5083333329999999,0.177647522,0.283333333,0.105409255,0.5,0.251538476,0.5,0.222222222,0.5083333329999999,0.237170825,0.34166666700000003,0.061488732000000004,0.4,0.116534316,0.26628895199999997,0.178470255,0.16147308800000001,0.172804533,0.220963173
dataset_106_molecular-biology_promoters.csv,0.34920634899999997,0.255291005,0.282539683,0.273544974,0.256363636,0.093183666,0.31272727300000003,0.12436800699999999,0.308181818,0.10709024,0.308181818,0.124607741,0.33727272700000005,0.101815476,0.24636363600000002,0.11129507300000001,0.347272727,0.049199282000000004,0.257907543,0.333333333,0.165450122,0.133819951,0.10948905099999999
dataset_11_balance-scale.csv,0.7615629979999999,0.780839774,0.8991841490000001,0.87520703,0.446313364,0.109057975,0.44490527399999996,0.053167890999999995,0.85453149,0.058575718,0.841577061,0.09569404,0.702688172,0.064452777,0.460803891,0.005911768,0.673809524,0.064044301,0.133333333,0.133333333,0.533333333,0.066666667,0.133333333
dataset_12_mfeat-factors.csv,0.945503975,0.8779979379999999,0.924503214,0.980498489,0.192,0.005868939,0.2135,0.019585993,0.9805,0.008644202,0.924,0.0166333,0.9490000000000001,0.015951315,0.1735,0.008181958000000001,0.195,0.005773503,0.184640523,0.174836601,0.184640523,0.232843137,0.223039216
dataset_16_mfeat-karhunen.csv,0.973497485,0.798997648,0.929998214,0.953499977,0.188,0.007527727,0.2775,0.022142217000000002,0.9505,0.012349088999999999,0.9265,0.017958285,0.956,0.018973666,0.161,0.009660918000000001,0.1465,0.019585993,0.25827814600000004,0.282560706,0.18101545300000002,0.178807947,0.099337748
dataset_186_satimage.csv,0.8996886629999999,0.8424571759999999,0.796422185,0.8384125659999999,0.42488335899999996,0.005327209,0.501088647,0.024268806,0.8391912909999999,0.009868744,0.799377916,0.014880975,0.907931571,0.012042141999999999,0.425972006,0.00570008,0.41197511700000006,0.010934501000000001,0.17509727600000002,0.26848249,0.291828794,0.06614786,0.19844358
dataset_188_kropt.csv,0.43944254299999996,0.7859281440000001,0.073282007,0.305211007,0.160466037,0.054054465999999995,0.09965779999999999,0.000165728,0.180529842,0.096064977,0.19533093699999998,0.125808852,0.295084114,0.037001812,0.149306452,0.030772927000000002,0.166633595,0.066205319,0.23404255300000001,0.08510638300000001,0.212765957,0.14893617,0.319148936
dataset_189_baseball.csv,0.902272727,0.926515152,0.072727273,0.8863636359999999,0.904477612,0.013068583,0.882089552,0.029600945,0.917164179,0.018764201,0.8126865670000001,0.043006777999999996,0.891044776,0.022025815,0.905223881,0.007079726,0.904477612,0.006857736,0.219512195,0.458536585,0.004878049000000001,0.151219512,0.16585365900000001
dataset_190_braziltourism.csv,0.6556473829999999,0.6804407709999999,0.575757576,0.749311295,0.781649245,0.029468962,0.7207897790000001,0.049479715,0.7670150990000001,0.028291924,0.422415796,0.10298692400000001,0.643495935,0.073226248,0.771893148,0.011263242,0.771893148,0.011263242,0.131147541,0.409836066,0.24590163899999998,0.06557377,0.14754098400000001
dataset_194_eucalyptus.csv,0.439954368,0.52262589,0.436919544,0.592807102,0.293483895,0.014680006,0.519659385,0.120643779,0.37004813,0.10630219,0.446334691,0.14120591300000002,0.413383932,0.063999056,0.38526471700000003,0.12008145,0.303239541,0.088961221,0.19266055,0.155963303,0.146788991,0.174311927,0.330275229
dataset_20_mfeat-pixel.csv,0.971504488,0.876999188,0.917000209,0.953999727,0.1975,0.0026352309999999996,0.1145,0.020876622,0.9565,0.014151953,0.9265,0.018112304,0.977,0.007527727,0.161,0.011254628999999999,0.16899999999999998,0.010488088000000001,0.142160279,0.288501742,0.20069686399999997,0.163066202,0.205574913
dataset_22_mfeat-zernike.csv,0.803003903,0.668001585,0.7259996129999999,0.809003156,0.1855,0.006851601999999999,0.1845,0.018774983000000002,0.7805,0.030591392999999998,0.705,0.027888668,0.768,0.020575066,0.184,0.010219806,0.158,0.018885621000000002,0.14772727300000002,0.225,0.072727273,0.26590909100000004,0.288636364
dataset_23_cmc.csv,0.458927359,0.469110659,0.469789545,0.511201629,0.42702243100000004,0.002295871,0.420922964,0.012399625,0.510512043,0.032902072000000004,0.467774407,0.037860602,0.456191395,0.042136464000000005,0.41752619999999996,0.012829823,0.42702243100000004,0.002295871,0.1875,0.34375,0.21875,0.15625,0.09375
dataset_24_mushroom.csv,1.0,1.0,0.954825209,0.999507632,0.7272585570000001,0.103438759,0.679703585,0.254857898,0.88010849,0.150697227,0.8785091709999999,0.082080111,0.959889784,0.09759853,0.513601482,0.27254991300000003,0.495561655,0.024276892999999997,0.327044025,0.29559748399999997,0.188679245,0.062893082,0.125786164
dataset_27_colic.csv,0.80952381,0.666666667,0.857142857,0.80952381,0.80975976,0.057101162999999996,0.42222222200000004,0.14532073199999998,0.836786787,0.065486431,0.8015765770000001,0.094365285,0.6117117120000001,0.076024033,0.605780781,0.048701102999999996,0.63048048,0.011890443,0.27672956,0.264150943,0.050314465,0.251572327,0.157232704
dataset_28_optdigits.csv,0.9843417940000001,0.89074878,0.7941258529999999,0.951959002,0.194661922,0.003578435,0.171352313,0.026097946,0.946975089,0.011616672,0.788790036,0.023306665,0.984341637,0.005423074,0.102313167,0.001258197,0.101423488,1.46e-17,0.146189736,0.251944012,0.21772939300000002,0.136858476,0.24727838300000002
dataset_30_page-blocks.csv,0.95523552,0.96016943,0.889281423,0.945368902,0.931294453,0.02004472,0.922525988,0.022285048999999998,0.94956498,0.025241224,0.889086791,0.053404494000000004,0.9572415559999999,0.016266113000000002,0.8976794459999999,9.02e-05,0.902978422,0.006911293000000001,0.36,0.18666666699999998,0.226666667,0.2,0.026666667
dataset_35_dermatology.csv,0.8881886090000001,0.9357843140000001,0.874276377,0.9580765640000001,0.49189189200000005,0.023144562999999996,0.434834835,0.041861115,0.969894895,0.030317381,0.879804805,0.036784999,0.893393393,0.039636037,0.265165165,0.086870221,0.34166666700000003,0.045639567,0.11004784699999999,0.277511962,0.22488038300000002,0.14354067,0.244019139
dataset_36_segment.csv,0.951515152,0.954978355,0.8,0.911688312,0.285281385,0.001368951,0.6225108229999999,0.022054802999999998,0.918614719,0.016803379,0.8480519479999999,0.022396758,0.942857143,0.016427416,0.284415584,0.002921855,0.14285714300000002,0.0,0.18840579699999999,0.333333333,0.101449275,0.239130435,0.137681159
dataset_37_diabetes.csv,0.649739583,0.692708333,0.755208333,0.766927083,0.7175495559999999,0.042237910999999996,0.63689337,0.065746552,0.769548872,0.032404134,0.75524607,0.036887249,0.681032126,0.045672030999999995,0.7175495559999999,0.042237910999999996,0.649760766,0.019289918,0.049180327999999995,0.426229508,0.09836065599999999,0.196721311,0.229508197
dataset_38_sick.csv,0.8902217379999999,0.981824791,0.247546347,0.93565976,0.965536188,0.008658889,0.9578473890000001,0.012022349,0.954132458,0.008124072,0.400323495,0.038108832999999995,0.9366440709999999,0.008271859,0.938759772,0.000792838,0.938759772,0.000792838,0.254807692,0.22596153800000002,0.129807692,0.129807692,0.259615385
dataset_3_kr-vs-kp.csv,0.861699654,0.9906112090000001,0.62828088,0.941176557,0.4896346,0.127226226,0.522215909,0.0010062860000000001,0.892948668,0.074504642,0.612738049,0.09966528,0.771304859,0.073844331,0.549475901,0.035182412,0.471566418,0.107049378,0.151750973,0.276264591,0.081712062,0.233463035,0.25680933899999997
dataset_41_glass.csv,0.696205008,0.714853938,0.39782211799999995,0.6030907670000001,0.46774891799999996,0.042334942,0.44415584399999997,0.090494715,0.612770563,0.138394484,0.632251082,0.189853288,0.7755411259999999,0.135473361,0.443939394,0.044947237,0.40194805200000006,0.067783063,0.222222222,0.34444444399999996,0.18888888899999998,0.1,0.144444444
dataset_42_soybean.csv,0.909195713,0.900417343,0.9428922890000001,0.938487003,0.240217391,0.032487271,0.187553282,0.053134778,0.890260017,0.075828345,0.852344416,0.06761581900000001,0.855072464,0.075299452,0.155179028,0.007053991999999999,0.196355499,0.044049245,0.284,0.24,0.188,0.132,0.156
dataset_44_spambase.csv,0.808738678,0.9015454009999999,0.8211270070000001,0.8871985659999999,0.7720140529999999,0.055839022,0.389914647,0.024372856000000002,0.91979817,0.033829506,0.8169852870000001,0.080313119,0.86981326,0.049559495,0.60595539,0.00094135,0.635520607,0.05109055,0.245049505,0.324257426,0.17079207899999999,0.148514851,0.11138613900000001
dataset_46_splice.csv,0.7078379159999999,0.9373062240000001,0.556377126,0.9561141209999999,0.63322884,0.011541652,0.240125392,0.0016188020000000001,0.7940438870000001,0.025554946000000002,0.914420063,0.021821324,0.327272727,0.131944762,0.518808777,0.0016521829999999998,0.518808777,0.0016521829999999998,0.198943662,0.151408451,0.123239437,0.20246478899999998,0.32394366199999997
dataset_48_tae.csv,0.536732026,0.562875817,0.509803922,0.556601307,0.376666667,0.09434635400000001,0.58125,0.18508475300000002,0.535,0.14325363800000002,0.515,0.143683895,0.63375,0.32890842,0.41,0.077060182,0.41666666700000005,0.072435582,0.05,0.275,0.2,0.15,0.325
dataset_50_tic-tac-toe.csv,0.67745559,0.9467509140000001,0.683718652,0.983297414,0.627401316,0.08147090400000001,0.6534429820000001,0.004274035,0.621085526,0.10015240199999999,0.685866228,0.035048118999999996,0.702554825,0.08700846599999999,0.6534429820000001,0.004274035,0.6534429820000001,0.004274035,0.352941176,0.220588235,0.220588235,0.058823529000000006,0.147058824
dataset_53_heart-statlog.csv,0.6333333329999999,0.7555555559999999,0.82962963,0.840740741,0.7185185190000001,0.095947453,0.340740741,0.180432848,0.833333333,0.043648567,0.837037037,0.039813619,0.644444444,0.046848558,0.618518519,0.089111518,0.577777778,0.049996189,0.135135135,0.504504505,0.09009009,0.15315315300000001,0.11711711699999999
dataset_54_vehicle.csv,0.658392435,0.711583924,0.475177305,0.773049645,0.39718487399999997,0.022723099,0.311022409,0.072276358,0.7967506999999999,0.039552806,0.486876751,0.062217112000000005,0.659635854,0.029007928,0.320294118,0.030671342,0.36061624600000003,0.032256956,0.061068702,0.290076336,0.389312977,0.08396946599999999,0.17557251899999998
dataset_55_hepatitis.csv,0.759259259,0.8311287479999999,0.7001763670000001,0.8073192240000001,0.7666666670000001,0.074380155,0.759166667,0.136363145,0.805416667,0.105574742,0.705833333,0.131866936,0.793333333,0.09259213,0.768333333,0.050046275,0.79375,0.023753655,0.152173913,0.260869565,0.210144928,0.144927536,0.231884058
dataset_56_vote.csv,0.9379310340000001,0.928735632,0.933333333,0.95862069,0.944608879,0.036885126000000004,0.881131078,0.146337414,0.9446617340000001,0.036790123,0.9354651159999999,0.049890764000000004,0.9078752640000001,0.044019055,0.613794926,0.008493467,0.756236786,0.138250059,0.164948454,0.175257732,0.18556701,0.24742268,0.226804124
dataset_57_hypothyroid.csv,0.95129044,0.9960014540000001,0.09887313699999999,0.9338422390000001,0.922853073,0.0007819989999999999,0.9575828390000001,0.00809939,0.93611076,0.008589906999999999,0.155878349,0.017502611,0.937702272,0.008647317,0.922853073,0.0007819989999999999,0.922853073,0.0007819989999999999,0.1747851,0.1747851,0.335243553,0.085959885,0.22922636100000002
dataset_59_ionosphere.csv,0.843304843,0.903133903,0.877492877,0.8575498579999999,0.82047619,0.0647514,0.7642063490000001,0.111100056,0.829047619,0.06869367400000001,0.806269841,0.0911286,0.7835714290000001,0.035323256000000004,0.7007936509999999,0.043484532,0.729206349,0.07923163400000001,0.345679012,0.16872428,0.016460905,0.156378601,0.312757202
dataset_60_waveform-5000.csv,0.7742012220000001,0.7348026190000001,0.7976011040000001,0.858200269,0.5724,0.01531303,0.4656,0.030851616000000002,0.8614,0.015262153999999998,0.7998,0.011979611999999999,0.7659999999999999,0.014847372,0.5432,0.013538423,0.3382,0.016718586,0.222641509,0.211320755,0.150943396,0.09433962300000001,0.32075471699999997
dataset_61_iris.csv,0.946666667,0.94,0.966666667,0.98,0.666666667,1.17e-16,0.88,0.093227453,0.98,0.044996571,0.96,0.034426518999999996,0.96,0.05621827,0.66,0.021081851000000002,0.6,0.088888889,0.428571429,0.171428571,0.057142857000000005,0.2,0.14285714300000002
dataset_6_letter.csv,0.9529501020000001,0.8653000890000001,0.642800031,0.7007998529999999,0.0718,0.001584649,0.10555,0.010894571,0.70165,0.013705331000000001,0.6418,0.010462101,0.96025,0.005105825,0.0504,0.002092314,0.0512,0.002879043,0.128205128,0.23076923100000002,0.21367521399999997,0.102564103,0.324786325
Data_for_UCI_named.csv,0.748599965,0.99980001,0.97849989,0.972900139,0.9999,0.000316228,0.9999,0.000316228,0.9592,0.0051811620000000004,0.9786,0.003098387,0.8971,0.007370361,0.638,0.0,0.6829999999999999,0.012552114,0.26666666699999997,0.49166666700000006,0.041666667000000004,0.05,0.15
ecoli.csv,0.949404762,0.9107142859999999,0.711309524,0.970238095,0.880659537,0.053537710999999995,0.801069519,0.18437918399999997,0.96426025,0.027359417999999996,0.783600713,0.180129165,0.9283422459999999,0.047745740999999994,0.6153297679999999,0.15666692699999998,0.574420677,0.012062307,0.19047619,0.317460317,0.158730159,0.095238095,0.23809523800000001
electricity-normalized.csv,0.788091455,0.879965572,0.72766596,0.7338674079999999,0.7545432390000001,0.09600363699999999,0.6490962379999999,0.071736991,0.7332902659999999,0.07378591,0.746753998,0.059485558,0.6643899879999999,0.066770835,0.574285164,0.0036964640000000004,0.648882125,0.096105809,0.28865979399999997,0.257731959,0.103092784,0.12371134,0.226804124
eye_movements.csv,0.5220370910000001,0.578730999,0.435990184,0.505485965,0.422736176,0.031111615,0.37033933700000005,0.031795428,0.497445519,0.024202322000000002,0.462790301,0.037574575,0.363570402,0.013035171000000002,0.43087037200000006,0.006649301999999999,0.392922554,0.006253308000000001,0.27906976699999997,0.37209302299999997,0.162790698,0.139534884,0.046511628
fri_c2_1000_10.csv,0.76598155,0.864984745,0.7969676259999999,0.72197347,0.7829999999999999,0.05186521,0.75,0.035901099,0.733,0.042439499000000006,0.797,0.045227817999999996,0.754,0.041419266,0.58,0.0,0.5770000000000001,0.010593499,0.24,0.36,0.173333333,0.066666667,0.16
fri_c2_1000_5.csv,0.8939987890000001,0.8820047590000001,0.8249986509999999,0.743995492,0.8,0.032998316,0.767,0.045958919,0.755,0.037785947,0.828,0.028596813999999998,0.89,0.026666667,0.764,0.027968236,0.5870000000000001,0.040838435,0.05,0.375,0.1,0.2,0.275
fri_c3_500_10.csv,0.7100257320000001,0.827958541,0.620049059,0.6560012510000001,0.6859999999999999,0.080027773,0.7020000000000001,0.047562824000000004,0.62,0.058878405999999994,0.612,0.049170904,0.7,0.084852814,0.6679999999999999,0.070679244,0.542,0.011352923999999999,0.212765957,0.191489362,0.08510638300000001,0.319148936,0.191489362
dataset_1038.csv,0.820357555,0.852941176,0.7834486740000001,0.8027681659999999,0.7347278909999999,0.022316446,0.652576169,0.109596687,0.828153787,0.016761006000000002,0.788932385,0.024556678999999998,0.83160617,0.020228551,0.508362346,0.0013253660000000001,0.510667822,0.00798385,0.08992126,0.29118110199999997,0.29007874,0.154015748,0.17480315
heart-c.csv,0.5807407410000001,0.751616162,0.788518519,0.849124579,0.722150538,0.072490452,0.612150538,0.154968128,0.821612903,0.061578793,0.81172043,0.065141237,0.623763441,0.07353429,0.692795699,0.051260871,0.53827957,0.096787733,0.057471264,0.19540229899999997,0.229885057,0.275862069,0.24137931
hearth-h.csv,0.479591837,0.602040816,0.204081633,0.663265306,0.636206897,0.037203243,0.6465517239999999,0.040046105,0.667011494,0.054179144000000005,0.514137931,0.10824694,0.523908046,0.079120026,0.63954023,0.014307152,0.636206897,0.019020586000000003,0.19858156,0.368794326,0.20567375899999998,0.056737589000000005,0.17021276600000002
hiva_agnostic.csv,0.957674155,0.944194951,0.6987300479999999,0.9340266140000001,0.965003417,0.00330738,0.964531164,0.001563115,0.949396659,0.009982251999999999,0.8406277659999999,0.017560141,0.957438405,0.006950151999999999,0.964767571,0.0007227819999999999,0.964767571,0.0007227819999999999,0.065072141,0.333446306,0.326958458,0.134259708,0.140263387
irish.csv,0.719409283,0.970464135,0.9873417720000001,0.9873417720000001,0.872,0.068117545,1.0,0.0,0.722,0.11525816400000001,0.846,0.110373105,0.89,0.050990195,0.6920000000000001,0.09150592,0.47600000000000003,0.171994832,0.125,0.325,0.05,0.2,0.3
JapaneseVowels.csv,0.48438919799999997,0.865274377,0.8562402579999999,0.927417287,0.259712874,0.011982963999999999,0.2287922,0.011806108000000001,0.909256484,0.038430661,0.822115745,0.045399515999999994,0.8934905120000001,0.026885287,0.216243107,0.021175262,0.170262293,0.016899792,0.17391304300000002,0.253623188,0.19565217399999998,0.231884058,0.144927536
jm1.csv,0.6949441209999999,0.750367322,0.8038602990000001,0.811948476,0.8065228659999999,0.000401667,0.19779226100000002,0.014191509,0.808733643,0.024651343,0.781910178,0.040807613,0.673684708,0.029386647000000002,0.8065228659999999,0.000401667,0.8065228659999999,0.000401667,0.09375,0.328125,0.322916667,0.09375,0.161458333
jungle_chess_2pcs_endgame_panther_lion.csv,0.981079932,0.99957483,0.50297619,0.955144558,0.895686407,0.071314854,0.523400641,0.040677293999999996,0.884230022,0.158880556,0.37788769899999997,0.168323058,0.838661969,0.094054998,0.763549261,0.18232931,0.751490717,0.191443639,0.18465909100000003,0.289772727,0.284090909,0.110795455,0.130681818
jungle_chess_2pcs_raw_endgame_complete.csv,0.725562925,0.797496711,0.6935451420000001,0.675940992,0.6159445889999999,0.044472645,0.523751944,0.099830727,0.66255348,0.07231201799999999,0.6760965059999999,0.072802335,0.710412684,0.071971872,0.534327346,0.011975218999999999,0.509382298,0.11900211699999999,0.17391304300000002,0.086956522,0.260869565,0.17391304300000002,0.304347826
dataset_1067.csv,0.7140825040000001,0.815552394,0.823138928,0.8539592220000001,0.845425412,0.002363362,0.50539833,0.164276686,0.846881065,0.031659837999999996,0.803748589,0.067179694,0.749221395,0.052213435,0.828837734,0.05314427099999999,0.845425412,0.002363362,0.256578947,0.256578947,0.256578947,0.131578947,0.098684211
kc2.csv,0.787356322,0.793103448,0.833333333,0.82183908,0.8329825829999999,0.10044443900000001,0.7197750359999999,0.171080929,0.82329463,0.09133409699999999,0.81777939,0.108374585,0.7526850509999999,0.10273343300000001,0.823403483,0.107108665,0.819702467,0.094576485,0.226027397,0.356164384,0.075342466,0.11643835599999999,0.226027397
kin8nm.csv,0.800415167,0.749023758,0.736329593,0.732301138,0.694579797,0.01860106,0.594847673,0.020497058000000002,0.73339483,0.018271179,0.73754549,0.017621075,0.808471962,0.013074724,0.518188749,0.015571278999999999,0.544674499,0.026993822,0.217821782,0.267326733,0.168316832,0.178217822,0.168316832
leukemia.csv,0.916666667,0.916666667,0.9861111109999999,0.875,0.8482142859999999,0.075878267,0.8625,0.08989869,0.957142857,0.069006556,0.875,0.141861611,0.8857142859999999,0.112687234,0.596428571,0.125762978,0.582142857,0.16649651199999999,0.199090867,0.198356215,0.20081270899999998,0.197116488,0.20462372
lymphoma_2classes.csv,0.666666667,0.7222222220000001,0.444444444,0.444444444,0.74,0.268535121,0.72,0.254077853,0.95,0.105409255,0.935,0.105540935,0.645,0.265047166,0.555,0.13426756,0.495,0.17392527100000002,0.19966104399999998,0.199620692,0.205673473,0.203413768,0.191631023
MagicTelescope.csv,0.778023134,0.817350158,0.7266561509999999,0.7835436379999999,0.9500525759999999,0.110945962,0.9500525759999999,0.110945962,0.955993691,0.080618056,0.968454259,0.044986745999999994,0.960252366,0.044642835,0.678601472,0.0029643340000000003,0.718822292,0.007031164,0.289473684,0.31578947399999996,0.131578947,0.15789473699999998,0.10526315800000001
mfeat-fourier.csv,0.99950025,0.981503242,0.9940014979999999,0.998001,0.9785,0.012483322,0.9655,0.013006408999999998,0.9995,0.0015811389999999999,0.9940000000000001,0.006146363,0.997,0.007888106,0.9,0.0,0.9035,0.025825268,0.183168317,0.215346535,0.17574257399999998,0.23019802,0.19554455399999998
mfeat-morphological.csv,0.963504734,0.995001748,0.9984999990000001,0.9980002490000001,0.9535,0.080417314,0.9359999999999999,0.098002268,0.9640000000000001,0.08559595,0.9985,0.002415229,0.9325,0.109246154,0.858,0.132815662,0.9,0.0,0.225806452,0.494623656,0.064516129,0.139784946,0.075268817
mfeat-pixel.csv,0.9770002390000001,0.875006941,0.915994705,0.9514912209999999,0.1975,0.0026352309999999996,0.1095,0.007245688,0.9565,0.014151953,0.9265,0.018112304,0.977,0.007527727,0.19,0.00942809,0.1655,0.007975656999999999,0.125517241,0.25103448300000003,0.30482758600000004,0.140689655,0.177931034
mozilla4.csv,0.9207466009999999,0.9219043309999999,0.678353385,0.806240431,0.934449176,0.02384526,0.918883495,0.024246322,0.87282594,0.02882684,0.806052093,0.052075533,0.842851846,0.047970634000000005,0.702279979,0.035663078,0.671405604,0.00023621700000000002,0.05,0.375,0.3,0.05,0.225
openml_phpJNxH0q.csv,0.957557256,0.939955432,0.961943221,0.9604747920000001,0.909937888,0.045128877000000005,0.83699793,0.074917416,0.95,0.037038927,0.955672878,0.031166653,0.9385093170000001,0.049484567,0.89563147,0.049879768,0.8442857140000001,0.088946976,0.242038217,0.47133758,0.050955414000000004,0.10191082800000001,0.13375796199999998
openml_phpZNNasq.csv,0.980392157,0.93107546,0.9702911470000001,0.8621509209999999,0.603636364,0.011499191,0.594545455,0.017248786999999998,0.92,0.091893658,0.96,0.051639778,0.494545455,0.19770027699999998,0.45363636399999996,0.114065855,0.503636364,0.109778975,0.20574162699999998,0.373205742,0.119617225,0.167464115,0.133971292
pbc.csv,0.594202899,0.630434783,0.666666667,0.702898551,0.66213705,0.10933513,0.6477351920000001,0.101265404,0.669570267,0.12162755300000001,0.669337979,0.13637960000000002,0.579036005,0.039770212,0.5264808360000001,0.06386172799999999,0.56445993,0.086038951,0.190839695,0.43511450399999996,0.16030534400000002,0.122137405,0.091603053
pc1.csv,0.893586269,0.9161502970000001,0.894516468,0.9233550620000001,0.926969697,0.007809912,0.358746929,0.304277179,0.9233660929999999,0.025180987999999998,0.816961507,0.07180115200000001,0.884635545,0.044018417000000004,0.9305733009999999,0.004262312,0.9305733009999999,0.004262312,0.22368421100000002,0.401315789,0.111842105,0.125,0.138157895
pc3.csv,0.840690979,0.849008317,0.34165067200000004,0.892514395,0.89763188,0.000315562,0.861130165,0.030815912999999997,0.889314878,0.018139711,0.7843949040000001,0.031023568999999997,0.861771191,0.019831647,0.89763188,0.000315562,0.89763188,0.000315562,0.11206896599999999,0.327586207,0.23275862100000003,0.11206896599999999,0.21551724100000003
pc4.csv,0.8079561040000001,0.8710562409999999,0.866941015,0.90260631,0.877921587,0.002549341,0.8738025509999999,0.023763686000000003,0.9053094,0.022348892999999998,0.784624469,0.033201207,0.8429522909999999,0.027190321,0.877921587,0.002549341,0.877921587,0.002549341,0.212121212,0.352272727,0.21969697,0.12121212099999999,0.09469697
pendigits.csv,0.998362445,0.987900291,0.9724344979999999,0.971342795,0.895924394,0.000446445,0.830153776,0.048691980999999995,0.9714327070000001,0.013518546999999999,0.97252403,0.011700582,0.997998594,0.001272309,0.895924394,0.000446445,0.895924394,0.000446445,0.111111111,0.581196581,0.085470085,0.09401709400000001,0.128205128
php0FyS2T.csv,0.631238391,0.416851122,0.517509773,0.503135152,0.011875,0.001976424,0.055625,0.013323564,0.545625,0.031739226,0.529375,0.034365529,0.6325,0.030017356000000002,0.01375,0.0026352309999999996,0.0125,0.0,0.097130243,0.161147903,0.527593819,0.090507726,0.123620309
php3CTpvq.csv,0.592244122,0.5810141129999999,0.350226353,0.27823908199999997,0.10137886900000001,0.047774229,0.027214852,0.05342867,0.207900392,0.12004093099999999,0.272093888,0.118470672,0.039516386,0.055133349000000005,0.19203538399999998,0.024565927999999997,0.178943574,0.030096434,0.303030303,0.212121212,0.03030303,0.24242424199999998,0.212121212
php3isjYz.csv,0.566006601,0.5552805279999999,0.510726073,0.656765677,0.509930904,0.02882645,0.495833898,0.059228433,0.9414103779999999,0.02079095,0.531310121,0.033352335,0.596538409,0.049417344,0.510737028,0.030166115,0.51322314,0.03237426,0.101278269,0.014749263,0.7767944940000001,0.052114060999999996,0.055063913
php4fATLZ.csv,0.790348259,0.971666667,0.635679934,0.634004975,0.657240437,0.008298548000000001,0.657240437,0.008298548000000001,0.622240437,0.096125104,0.637240437,0.066262079,0.82,0.136716341,0.657240437,0.008298548000000001,0.657240437,0.008298548000000001,0.113043478,0.47826087,0.21739130399999998,0.034782609,0.156521739
php4ylQmK.csv,0.871794872,0.841025641,0.7230769229999999,0.882051282,0.8384210529999999,0.12353294199999999,0.819210526,0.08705052099999999,0.793421053,0.138408989,0.741578947,0.15900583699999998,0.855789474,0.092182925,0.8434210529999999,0.125056159,0.7328947370000001,0.074960234,0.147058824,0.268907563,0.159663866,0.197478992,0.22689075600000003
php50jXam.csv,1.0,0.9825024920000001,0.84039158,0.976672113,0.852755739,0.035105339,0.805358087,0.039556903,0.9766687820000001,0.013686868,0.8848249229999999,0.020659651,0.9992700729999999,0.002308232,0.555389823,0.0013604070000000001,0.555389823,0.0013604070000000001,0.060606060999999996,0.424242424,0.03030303,0.272727273,0.212121212
php5J5AK6.csv,0.650793651,0.650793651,0.571428571,0.523809524,0.50952381,0.152331341,0.48095238100000004,0.19530905899999998,0.621428571,0.216027606,0.666666667,0.225597943,0.59047619,0.197234598,0.607142857,0.086395004,0.573809524,0.119021161,0.23873873899999998,0.22972973,0.148648649,0.11261261300000001,0.27027027
php5OMDBD.csv,0.963996931,0.983989978,1.0,0.859002715,0.16,2.9299999999999997e-17,0.698,0.25568209399999997,0.858,0.05329165,1.0,0.0,0.591,0.032812599,0.09699999999999999,0.012516656000000001,0.09,0.019436506,0.240963855,0.31927710800000003,0.024096386,0.313253012,0.10240963900000001
php5s7Ep8.csv,0.38176197799999995,0.705821741,0.450283359,0.685213807,0.486423473,0.062843574,0.304578377,0.067589977,0.6425403120000001,0.095219947,0.596217288,0.11477156699999999,0.49210943700000004,0.07314889999999999,0.290592123,0.077684815,0.334353688,0.09792474699999999,0.151162791,0.441860465,0.220930233,0.139534884,0.046511628
php7KLval.csv,0.682023341,0.68099237,0.717019415,0.73299647,0.741,0.0031622779999999997,0.6709999999999999,0.102680735,0.73,0.015634719,0.713,0.036530049,0.6729999999999999,0.038311588,0.741,0.0031622779999999997,0.741,0.0031622779999999997,0.060209424000000004,0.458115183,0.319371728,0.09424083800000001,0.068062827
php9HX2u8.csv,0.391347193,0.999529854,0.999529854,0.7497649270000001,0.45297192,0.004188883,0.304798919,0.002045716,0.713595093,0.08293696,0.999528302,0.00149164,0.430884046,0.030289972999999998,0.263942776,0.055785743,0.251118345,0.066710491,0.16,0.38,0.252,0.064,0.14400000000000002
php9xWOpn.csv,0.582689335,1.0,0.492014426,0.7660999479999999,0.653272535,0.002254227,0.653272535,0.002254227,0.6889584990000001,0.127191181,0.959801745,0.089935741,0.5404810999999999,0.117544729,0.653272535,0.002254227,0.653272535,0.002254227,0.09950248800000001,0.36069651700000005,0.313432836,0.141791045,0.08457711400000001
phpajta2z.csv,0.7967479670000001,0.8699186990000001,0.81300813,0.8699186990000001,0.862820513,0.09936242099999999,0.380128205,0.35804532299999997,0.8608974359999999,0.0863232,0.742307692,0.11984113,0.7814102559999999,0.103866816,0.854487179,0.0480698,0.862179487,0.054664952,0.14403292199999998,0.275720165,0.12757201599999998,0.19753086399999997,0.255144033
phpAz9Len.csv,0.68627451,0.705882353,0.661064426,0.557422969,0.592592593,0.21347674600000002,0.340740741,0.195436427,0.6166666670000001,0.11350306,0.657407407,0.169106513,0.566666667,0.132737581,0.537037037,0.085977705,0.57962963,0.079075014,0.253968254,0.197278912,0.23809523800000001,0.09977324300000001,0.210884354
phpBDgUyY.csv,0.98709114,0.91727216,0.773455489,0.995454215,0.18,0.001916532,0.332727273,0.027799624,0.9940000000000001,0.0030962520000000003,0.7769090909999999,0.011044613,0.991454545,0.004024717,0.179818182,0.0018080529999999998,0.17272727300000001,0.009191364,0.154185022,0.14537444900000002,0.471365639,0.123348018,0.10572687199999999
phpBG0Qsi.csv,0.7303370790000001,0.72659176,0.7116104870000001,0.756554307,0.7941595440000001,0.017462655,0.722649573,0.095040451,0.7556980059999999,0.116442282,0.714814815,0.132400832,0.748290598,0.126858053,0.7941595440000001,0.017462655,0.7941595440000001,0.017462655,0.215753425,0.29109589,0.126712329,0.178082192,0.188356164
phpcSeK3V.csv,0.9793345729999999,0.9793345729999999,0.894193015,0.942756768,0.946063258,0.000650395,0.9043088990000001,0.023747736000000002,0.981393409,0.013945477,0.946063258,0.000650395,0.97168181,0.013317866000000001,0.946063258,0.000650395,0.946063258,0.000650395,0.015625,0.21875,0.34375,0.296875,0.125
phpCsX3fx.csv,0.741249798,0.437515957,0.71748026,0.797517409,0.0125,0.004166667,0.034375,0.00846254,0.80625,0.020198666,0.760625,0.038869663,0.746875,0.026882266000000002,0.0125,0.0,0.014375,0.003019037,0.139072848,0.22958057399999998,0.45474613700000005,0.028697572,0.14790287
phpd8EoD9.csv,0.988888889,0.764646465,0.338383838,0.626262626,0.166666667,0.018594884,0.254545455,0.067976788,0.486868687,0.10298848199999999,0.554545455,0.06791839200000001,0.6989898990000001,0.058084468,0.090909091,0.0,0.090909091,0.0,0.23214285699999998,0.17857142899999998,0.107142857,0.16071428599999998,0.321428571
phpdo58hj.csv,0.60966811,0.7662337659999999,0.88961039,0.735209235,0.8238095240000001,0.14728585,0.7785714290000001,0.187828825,0.854761905,0.210414772,0.8857142859999999,0.157455197,0.59047619,0.144086422,0.530952381,0.065494226,0.545238095,0.055498837,0.197798764,0.19602805399999998,0.200194431,0.204846886,0.20113186600000002
phpdReP6S.csv,0.90844948,0.9092309559999999,0.6973274629999999,0.938043692,0.919929352,0.053482260999999996,0.825501852,0.192536393,0.927792475,0.0167835,0.695370514,0.12328528400000001,0.9076654940000001,0.019931855,0.936858486,0.000128573,0.936858486,0.000128573,0.22171945699999998,0.162895928,0.38914027100000004,0.076923077,0.14932126699999998
phpEZ030X.csv,0.60966811,0.7813852809999999,0.9213564209999999,0.799422799,0.8214285709999999,0.184171451,0.545238095,0.055498837,0.8714285709999999,0.152331341,0.869047619,0.152764893,0.6309523810000001,0.217422659,0.545238095,0.055498837,0.545238095,0.055498837,0.19474160399999998,0.19942519600000003,0.210601948,0.198174464,0.19705678899999998
phpfKh1CO.csv,0.8591308670000001,0.89545864,0.895505234,0.85002951,0.9113636359999999,0.069803936,0.854545455,0.057893858,0.913636364,0.051157403,0.904545455,0.038330638,0.85,0.062654767,0.861363636,0.061030709,0.6772727270000001,0.00958266,0.373333333,0.253333333,0.08,0.133333333,0.16
phpflaNJC.csv,0.14407700699999998,0.605935931,0.711742483,0.761889976,0.07647058799999999,0.01518817,0.194117647,0.03452317,0.8235294120000001,0.036682916,0.741176471,0.070424647,0.744117647,0.073431307,0.07647058799999999,0.01518817,0.047058824000000006,0.024802177999999998,0.127388535,0.33757961799999997,0.261146497,0.146496815,0.127388535
phpflaNJC.csv,0.14407700699999998,0.605935931,0.711742483,0.761889976,0.07647058799999999,0.01518817,0.194117647,0.03452317,0.8235294120000001,0.036682916,0.741176471,0.070424647,0.744117647,0.073431307,0.07647058799999999,0.01518817,0.047058824000000006,0.024802177999999998,0.127388535,0.33757961799999997,0.261146497,0.146496815,0.127388535
phpgEDZOc.csv,0.93491098,0.943437509,0.924230633,0.961582835,0.9477121940000001,0.01368477,0.9348890409999999,0.032730412,0.890288264,0.180832918,0.765831617,0.25084153,0.922100206,0.042038637999999996,0.95624571,0.003322902,0.883905285,0.24724026899999998,0.262857143,0.277142857,0.145714286,0.18,0.134285714
phpgNaXZe.csv,0.569264069,0.625541126,0.7142857140000001,0.727272727,0.65786309,0.096222793,0.558279371,0.055466033,0.727289547,0.069248238,0.694773358,0.024208879,0.595235893,0.08831343300000001,0.642784459,0.043093877,0.625624422,0.033936166000000004,0.147058824,0.544117647,0.220588235,0.029411765,0.058823529000000006
phpGReJjU.csv,1.0,1.0,0.7003559509999999,0.258622671,0.126427989,0.000132479,1.0,0.0,0.297545693,0.056928495,0.6619771760000001,0.023908122999999996,0.054542186,0.00291415,0.126427989,0.000132479,0.06325769099999999,0.0008695010000000001,0.1,0.2,0.033333333,0.233333333,0.433333333
phpGUrE90.csv,0.787692631,0.812308448,0.7014320559999999,0.8568645859999999,0.741356694,0.101004253,0.69853549,0.049031732,0.836873315,0.07285513099999999,0.743045822,0.036012016,0.773342318,0.039822039,0.679649596,0.048457016,0.6625696320000001,0.00366095,0.26369863,0.284246575,0.133561644,0.16438356199999998,0.154109589
phpH2fvsy.csv,0.539215686,0.46323529399999996,0.582107843,0.43872549,0.6233333329999999,0.175013227,0.523333333,0.23625159199999998,0.553333333,0.211520072,0.65,0.229465294,0.65,0.161206868,0.6233333329999999,0.175013227,0.44,0.06992059,0.22077922100000003,0.324675325,0.194805195,0.15584415599999998,0.103896104
phphQEck0.csv,0.999530721,0.999228751,0.923923822,0.9318077020000001,0.881933787,0.06348661900000001,0.570446115,0.111943486,0.9312729959999999,0.050509865,0.922222538,0.061221014000000004,0.9928547590000001,0.016215732,0.79246053,1.1400000000000001e-05,0.79246053,1.1400000000000001e-05,0.038461537999999997,0.153846154,0.192307692,0.153846154,0.46153846200000004
phpjuWdq9.csv,0.319444444,0.611111111,0.513888889,0.5694444439999999,0.571818182,0.041205436,0.443636364,0.213751312,0.646363636,0.1568427,0.339090909,0.144189575,0.366363636,0.15681928,0.420909091,0.061366442,0.479090909,0.091618445,0.08974359,0.384615385,0.179487179,0.102564103,0.243589744
phpkIxskf.csv,0.852712877,0.87728654,0.851385691,0.900157105,0.883015195,6.95e-05,0.879741256,0.01487096,0.8817094990000001,0.032362891,0.806549552,0.138452777,0.83948534,0.033718229,0.883015195,6.95e-05,0.883015195,6.95e-05,0.264150943,0.28301886800000003,0.16981132100000002,0.075471698,0.20754717
phplVyjYQ.csv,0.586738351,0.640860215,0.468817204,0.674193548,0.571818182,0.041205436,0.39727272700000005,0.146965011,0.617272727,0.12694402,0.348181818,0.16058033,0.35,0.148159817,0.420909091,0.061366442,0.486363636,0.070710678,0.168316832,0.198019802,0.207920792,0.128712871,0.29702970300000003
phpmcGu2X.csv,0.856481481,0.856481481,0.909259259,0.8574074070000001,0.20555555600000003,0.014344383,0.20555555600000003,0.014344383,0.8712962959999999,0.046695807,0.8916666670000001,0.018544221,0.865740741,0.030003428999999998,0.11296296300000001,0.0039040459999999996,0.11388888900000001,0.004472647,0.031570382,0.30187144,0.35280716,0.154759967,0.15899105
phpn1jVwe.csv,0.984351111,0.9800587620000001,0.955468504,0.9759455990000001,0.97853853,0.00379624,0.982741427,0.001981436,0.970311948,0.005445079,0.939907453,0.006220476999999999,0.979701321,0.003184635,0.976750421,1e-05,0.976750421,1e-05,0.191489362,0.319148936,0.23404255300000001,0.127659574,0.127659574
phpNevWWL.csv,0.491785075,0.602504106,0.21784967600000002,0.693578618,0.6232142860000001,0.032175909,0.498928571,0.033967187999999995,0.695,0.025096187000000002,0.19964285699999998,0.024539408,0.526071429,0.029405003,0.582857143,0.001505847,0.582857143,0.001505847,0.21367521399999997,0.243589744,0.27777777800000003,0.115384615,0.14957265
phpnYQXoc.csv,0.40020110600000003,0.419431875,0.354700855,0.43853695299999995,0.43375,0.110806005,0.371666667,0.18088431600000002,0.559583333,0.164886909,0.272916667,0.12770604900000002,0.300833333,0.131186419,0.36666666700000006,0.117802015,0.355833333,0.052785087,0.131147541,0.508196721,0.14754098400000001,0.06557377,0.14754098400000001
phpOJxGL9.csv,0.6157899370000001,0.627799806,0.562551767,0.704978412,0.713559322,0.00761511,0.649941555,0.048467464,0.72390415,0.038659637000000004,0.617241379,0.120676706,0.646405611,0.094624634,0.713559322,0.00761511,0.713559322,0.00761511,0.373333333,0.2,0.2,0.066666667,0.16
phpoOxxNn.csv,0.724828018,0.517198249,0.627267042,0.7560975609999999,0.013757862,0.003950162,0.031265722999999995,0.01061279,0.795514937,0.023796789,0.66855739,0.034335208,0.775507075,0.030241047000000004,0.012507862,2.49e-05,0.012507862,2.49e-05,0.113500597,0.280764636,0.463560335,0.064516129,0.077658303
phpoW7Dbi.csv,0.604785479,0.563531353,0.51320132,0.6724422440000001,0.507417694,0.007216669,0.507377049,0.045349362000000004,0.964523777,0.014593924,0.521426636,0.035803958999999996,0.645203902,0.038240131000000004,0.499160005,0.015054546,0.503285463,0.016376242,0.053900709000000005,0.07092198599999999,0.7418439720000001,0.042553191,0.090780142
phpPbCMyg.csv,0.562601734,0.54118801,0.174242067,0.470580061,0.41745665,0.0007723710000000001,0.358787961,0.03807549,0.466346555,0.061464045999999994,0.305173133,0.128510294,0.537444509,0.056849157000000004,0.41745665,0.0007723710000000001,0.41909063700000004,0.004942388,0.17721519,0.221518987,0.32278481,0.14556962,0.132911392
phpPQrHPH.csv,0.851242905,0.862008221,0.26502250899999996,0.346741045,0.181151302,0.005578031,0.57223023,0.054523654000000005,0.342629631,0.006045219,0.273340572,0.003105604,0.992072735,0.004289848,0.181151302,0.005578031,0.17341944399999998,0.0027964,0.038461537999999997,0.46153846200000004,0.307692308,0.038461537999999997,0.153846154
phpRql5hp.csv,0.6996273000000001,0.843466108,0.718728162,0.5377358489999999,0.4375,0.051031035999999995,0.45625,0.102274481,0.55625,0.099695718,0.7,0.152525043,0.75,0.097716995,0.4875,0.070955777,0.3375,0.060380736,0.212121212,0.303030303,0.181818182,0.060606060999999996,0.24242424199999998
phpSF8oeR.csv,0.583333333,0.75,0.805555556,0.5277777779999999,0.591666667,0.09976825,0.625,0.255344115,0.591666667,0.22030422300000002,0.7,0.25519298,0.691666667,0.211731544,0.533333333,0.19720265899999997,0.5,0.254587539,0.22556391,0.240601504,0.17293233100000002,0.14285714300000002,0.218045113
phpSj3fWL.csv,0.652009235,0.693973499,0.534124522,0.75797802,0.204,0.012649111000000001,0.16,0.031269438,0.75,0.058309519000000004,0.6920000000000001,0.055936472,0.634,0.058156875999999996,0.21,0.021602469,0.20600000000000002,0.021186998,0.115384615,0.384615385,0.192307692,0.192307692,0.115384615
phpSOw1Kl.csv,0.77414778,0.873466003,0.833867699,0.915680855,0.55347561,0.032682586,0.684695122,0.054967895,0.920853659,0.033945889,0.82902439,0.049310467999999996,0.7126219509999999,0.054576142,0.33762195100000003,0.043900604,0.330060976,0.017128853,0.425,0.1,0.2,0.05,0.225
phpSRnbqC.csv,0.659562842,0.565846995,0.626411658,0.692076503,0.714619883,0.016027138,0.620760234,0.061334625,0.6982456140000001,0.04250228,0.7035087720000001,0.024856668,0.5874269010000001,0.067405959,0.6979532159999999,0.026371682999999996,0.714619883,0.016027138,0.21,0.24,0.35,0.08,0.12
phpSZJq5T.csv,0.85,0.85,0.919444444,0.8666666670000001,0.16944444399999997,0.01576795,0.225,0.049776593,0.933333333,0.037497142000000004,0.925,0.061488732000000004,0.911111111,0.040992488,0.14722222199999999,0.045455325,0.083333333,1.46e-17,0.06804095,0.267010237,0.321888711,0.174524688,0.168535413
phptbYBGx.csv,0.847134238,0.8971410940000001,0.892581928,0.9213423829999999,0.922885572,0.017865378,0.7798507459999999,0.17808929899999998,0.9153324290000001,0.034194454,0.7943012209999999,0.040184078,0.88358209,0.034639498,0.921347806,0.006110765,0.921347806,0.006110765,0.16112532,0.179028133,0.33759590799999994,0.104859335,0.21739130399999998
phptd5jYj.csv,0.905210295,0.741996234,0.783427495,0.865662272,0.192099057,0.007594745,0.14374213800000002,0.037545296,0.883242925,0.021783793,0.790978774,0.018960266,0.912118711,0.023279506000000002,0.158187893,0.008172489,0.17389150899999997,0.013973831,0.071151358,0.344113842,0.275549806,0.165588616,0.143596378
phpTJRsqa.csv,0.560430375,0.583298187,0.444057586,0.532669232,0.43834606200000004,0.033451989,0.38749175700000005,0.032216242,0.514699303,0.040281313,0.44977839,0.023234377,0.452429364,0.025978071000000002,0.45896456700000005,0.022597314,0.446305246,0.0058296369999999995,0.08396946599999999,0.198473282,0.36641221399999996,0.152671756,0.198473282
phpTXWrKb.csv,0.47619047600000003,0.557823129,0.23809523800000001,0.649659864,0.636206897,0.037203243,0.649885057,0.040210541,0.667011494,0.054179144000000005,0.514137931,0.10824694,0.523908046,0.079120026,0.63954023,0.014307152,0.63954023,0.014307152,0.090909091,0.522727273,0.181818182,0.045454545,0.159090909
phpu00N5N.csv,0.628571429,0.76984127,0.725396825,0.5539682539999999,0.77,0.15271210699999999,0.6366666670000001,0.197796503,0.74,0.176243378,0.7566666670000001,0.268535121,0.673333333,0.22377237100000003,0.496666667,0.272369575,0.58,0.186057206,0.13253012,0.385542169,0.078313253,0.253012048,0.15060241
phpuZu33P.csv,0.9289561479999999,0.9326973140000001,0.853346087,0.986705093,0.820938797,0.001282592,0.790169433,0.059985567000000004,0.988373098,0.015743256,0.913658368,0.127076591,0.832147303,0.092431706,0.820938797,0.001282592,0.818864108,0.007802401,0.156765677,0.224422442,0.242574257,0.182618262,0.193619362
phpV5QYya.csv,0.956309362,0.959384894,0.6037087289999999,0.9210312079999999,0.888921064,0.015266822,0.476592016,0.147847931,0.920488082,0.008874646,0.615377906,0.012985183999999999,0.9679710009999999,0.017844351,0.556942551,0.00033108800000000005,0.556942551,0.00033108800000000005,0.241860465,0.288372093,0.106976744,0.158139535,0.204651163
phpVDlhKL.csv,0.796536797,0.77994228,0.8578643579999999,0.8585858590000001,0.666666667,0.280822318,0.5619047620000001,0.064671583,0.8523809520000001,0.241457738,0.8214285709999999,0.22899266699999998,0.835714286,0.192597317,0.545238095,0.055498837,0.545238095,0.055498837,0.057835820999999996,0.34390547299999996,0.286069652,0.146766169,0.165422886
phpVeNa5j.csv,0.872616655,0.994134561,0.525476205,0.655975823,0.6992297609999999,0.030809982000000003,0.683282589,0.028817783,0.7582615859999999,0.051199805999999994,0.6825731759999999,0.047626302,0.8367147229999999,0.057238505,0.538501865,0.030227179,0.481860067,0.050081649000000006,0.233082707,0.165413534,0.030075188,0.15037594,0.42105263200000004
phpvtdNPU.csv,0.810819892,0.6750672040000001,0.737231183,0.64280914,0.484444444,0.050566069000000005,0.5166666670000001,0.134179414,0.747777778,0.168430991,0.802222222,0.122031276,0.7977777779999999,0.112436539,0.28444444399999996,0.050566069000000005,0.34666666700000004,0.083772505,0.198422579,0.19517107,0.199235456,0.20357080100000002,0.20360009399999998
phpvz1IQW.csv,0.9190476190000001,0.89047619,0.9,0.966666667,0.6476190479999999,0.02459037,0.59047619,0.051188937999999996,0.914285714,0.11402085699999999,0.876190476,0.119206244,0.9,0.10151287,0.6476190479999999,0.02459037,0.557142857,0.12098945400000001,0.14285714300000002,0.23809523800000001,0.047619048,0.11904761900000001,0.452380952
phpWfYmlu.csv,0.740945882,0.871892654,0.9791893709999999,0.764593855,0.607837838,0.01231634,0.587972973,0.019483739,0.748378378,0.017350238,0.970135135,0.005192895,0.701891892,0.013151302,0.5974324320000001,0.016482425,0.6021621620000001,0.014874417,0.384615385,0.123076923,0.030769231,0.307692308,0.153846154
phpXeun7q.csv,0.8685185190000001,0.885185185,0.898148148,0.9055555559999999,0.914814815,0.009562922,0.8685185190000001,0.029539472,0.911111111,0.022764307,0.8888888890000001,0.040945985,0.8888888890000001,0.040945985,0.914814815,0.009562922,0.914814815,0.009562922,0.12169312199999999,0.17989418,0.195767196,0.25925925899999996,0.243386243
phpxijhaP.csv,0.9447289790000001,0.8418913379999999,0.97878424,0.976757158,0.666756757,0.014792343000000001,0.586621622,0.025026972,0.9763513509999999,0.00855263,0.9763513509999999,0.007624464,0.9413513509999999,0.006807616,0.665,0.023166032000000003,0.663108108,0.021061148,0.24044943800000002,0.647191011,0.011235955,0.04494382,0.056179775
phpXxoe1Q.csv,0.588014981,0.65917603,0.685393258,0.692883895,0.711680912,0.098441191,0.644444444,0.140560753,0.7193732190000001,0.11309421,0.678347578,0.15394695,0.658547009,0.07255501,0.651709402,0.10311932,0.558404558,0.100415844,0.037656904,0.44351464399999996,0.30543933100000004,0.075313808,0.138075314
phpy0HwUD.csv,0.324815317,0.244761043,0.125207297,0.359791949,0.275,0.06770032,0.26,0.104880885,0.385,0.143468928,0.1,0.047140452,0.315,0.09143911099999999,0.26,0.051639778,0.275,0.026352313999999998,0.123966942,0.371900826,0.23966942100000002,0.148760331,0.115702479
phpYLeydd.csv,0.652587866,0.49498632600000003,0.42084472799999995,0.45528208200000003,0.441703174,0.037301125,0.31023897699999997,0.019383481,0.483435471,0.03680934,0.451822888,0.052954034000000004,0.39510478299999996,0.045712170999999996,0.326540369,0.032612151,0.333229042,0.028852566,0.19607843100000003,0.232026144,0.035947712,0.22875817,0.307189542
phpyM5ND4.csv,0.9593073590000001,0.96017316,0.793073593,0.9160173159999999,0.285281385,0.001368951,0.6225108229999999,0.022054802999999998,0.918614719,0.016803379,0.8480519479999999,0.022396758,0.942857143,0.016427416,0.273593074,0.004470976,0.185714286,0.069006556,0.161290323,0.322580645,0.032258065,0.24193548399999998,0.24193548399999998
phpysQLwp.csv,0.81024531,0.8427128429999999,0.841991342,0.746031746,0.6190476189999999,0.277664376,0.5619047620000001,0.064671583,0.8857142859999999,0.175968686,0.8523809520000001,0.199457566,0.7880952379999999,0.210115207,0.545238095,0.055498837,0.545238095,0.055498837,0.039447067,0.325016858,0.3320971,0.151045179,0.152393796
phpZrCzJR.csv,0.9933333329999999,0.988431373,0.93254902,0.992745098,0.994313725,0.00252291,0.719607843,0.080739459,0.992941176,0.00322852,0.915686275,0.047456562,0.9921568629999999,0.004133696,0.9845098040000001,0.004076462,0.9870588240000001,0.005325895,0.224390244,0.258536585,0.097560976,0.087804878,0.331707317
phpZZfh5g.csv,0.6,0.495238095,0.5619047620000001,0.523809524,0.460909091,0.180553684,0.449090909,0.16670523,0.5409090910000001,0.17159383600000003,0.520909091,0.158160338,0.58,0.10301247599999999,0.487272727,0.107923042,0.560909091,0.05404654,0.198967278,0.195844243,0.199713295,0.20297529399999997,0.20249989
primary-tumor.csv,0.7876106190000001,0.8023598820000001,0.825958702,0.852507375,0.7873440290000001,0.053140162000000005,0.44616755799999996,0.263130627,0.831639929,0.038308181000000004,0.808199643,0.046764415,0.790106952,0.092272896,0.7873440290000001,0.053140162000000005,0.758110517,0.018487407,0.135514019,0.429906542,0.14953271,0.08411215,0.20093457899999997
profb.csv,0.572916667,0.5877976189999999,0.41071428600000004,0.7410714290000001,0.666681299,0.006621366,0.571575944,0.057349473,0.671115013,0.054757679000000004,0.6471905179999999,0.048069673,0.61167691,0.055841971,0.662203687,0.009796275,0.666681299,0.006621366,0.263565891,0.294573643,0.240310078,0.062015504000000006,0.139534884
schizo.csv,0.571123755,0.491702229,0.48174490299999995,0.634186818,0.541176471,0.097251739,0.638235294,0.17758363600000002,0.505882353,0.102637273,0.5352941179999999,0.12150536,0.467647059,0.108686542,0.538235294,0.034102994,0.517647059,0.020564878999999998,0.145631068,0.417475728,0.18446601899999998,0.194174757,0.058252427
solar-flare_1.csv,0.66984127,0.695238095,0.5269841270000001,0.666666667,0.469959677,0.015528411,0.533669355,0.060813766,0.660383065,0.105377383,0.5200604839999999,0.070078733,0.641532258,0.121160055,0.282459677,0.036977025,0.33306451600000003,0.037151885,0.17105263199999998,0.276315789,0.19736842100000002,0.22368421100000002,0.131578947
synthetic_control.csv,1.0,0.9966666670000001,0.9983333329999999,1.0,0.316666667,0.035136417999999996,0.916666667,0.17568209199999998,1.0,0.0,0.995,0.008050765,0.966666667,0.0248452,0.268333333,0.027722167000000002,0.313333333,0.024595493,0.261744966,0.37807606299999996,0.060402685,0.149888143,0.149888143
tumors_C.csv,0.6,0.583333333,0.683333333,0.6166666670000001,0.783333333,0.158113883,0.666666667,0.19245009,0.6333333329999999,0.20487876600000002,0.6166666670000001,0.294496851,0.566666667,0.224982853,0.6,0.116534316,0.65,0.052704627999999996,0.20358077800000002,0.197643979,0.205731114,0.198111444,0.194932685
wine-quality-red.csv,0.555347092,0.587867417,0.550343965,0.5928705439999999,0.5409787739999999,0.067080442,0.432173742,0.052444657,0.5822327039999999,0.046992492999999996,0.547240566,0.050742827000000004,0.471540881,0.024763797,0.47340801899999996,0.037899126,0.46715408799999997,0.063224106,0.329268293,0.292682927,0.134146341,0.097560976,0.146341463
yeast.csv,0.972692385,0.968556222,0.797272526,0.976830603,0.9851068209999999,0.0028839620000000003,0.9714550259999999,0.007656817,0.981797606,0.0034739000000000003,0.8287130070000001,0.025194379,0.97269641,0.0067939030000000004,0.9859349820000001,0.002120698,0.9859349820000001,0.002120698,0.217948718,0.131054131,0.226495726,0.205128205,0.21937321899999998
