dataset,leaves,leaves_branch.mean,leaves_branch.sd,leaves_corrob.mean,leaves_corrob.sd,leaves_homo.mean,leaves_homo.sd,leaves_per_class.mean,leaves_per_class.sd,nodes,nodes_per_attr,nodes_per_inst,nodes_per_level.mean,nodes_per_level.sd,nodes_repeated.mean,nodes_repeated.sd,tree_depth.mean,tree_depth.sd,tree_imbalance.mean,tree_imbalance.sd,tree_shape.mean,tree_shape.sd,var_importance.mean,var_importance.sd,multiply,add,subtract,abs,square
abalone.csv,1076,13.23513011,3.627737085,0.0009293680000000001,0.0021825,58013114.54,558770014.2,0.333333333,0.07546979599999999,1075,134.375,0.25736174300000003,38.39285714,41.931460200000004,134.375,46.04636638,12.24174802,3.8816378119999997,0.036390423,0.056551733,0.007235953000000001,0.01676998,0.125,0.096850843,0.034482759,0.448275862,0.310344828,0.068965517,0.137931034
adult.csv,7168,21.39076451,6.058139651,0.000139509,0.001152866,1980000000000.0,25900000000000.0,0.5,0.039261788,7167,511.92857139999995,0.146738463,170.6428571,165.5491706,511.92857139999995,769.4872882999999,20.39232647,6.2182165529999995,0.023537351,0.045671672999999996,0.0010320560000000002,0.00794396,0.071428571,0.069468139,0.26213592199999997,0.08737864099999999,0.12621359199999999,0.26213592199999997,0.26213592199999997
analcatdata_authorship.csv,32,5.5,1.27000127,0.03125,0.077660836,333.2952381,238.3044955,0.25,0.067507716,31,0.44285714299999995,0.03686088,3.875,2.531938839,1.55,0.759154655,4.603174603,1.718398378,0.136876546,0.115815024,0.142333984,0.08446396099999999,0.014285714,0.05439892,0.196560197,0.28992629,0.122850123,0.22604422600000001,0.164619165
analcatdata_cyyoung9302.csv,12,4.583333333,2.1514618,0.083333333,0.153742154,118.68571429999999,136.2843127,0.5,0.0,11,1.1,0.11956521699999999,1.375,0.7440238090000001,1.375,0.51754917,3.826086957,2.289346352,0.105273479,0.150405612,0.249348958,0.16724319199999998,0.1,0.106910739,0.085714286,0.171428571,0.342857143,0.085714286,0.314285714
analcatdata_dmft.csv,180,8.766666667,2.008640553,0.005555556,0.005719923000000001,17822.14275,24607.56124,0.5,0.573542167,179,44.75,0.224592221,13.76923077,10.56845815,44.75,11.17661249,7.793871866,2.4027140830000002,0.08744520900000001,0.085807657,0.035576714,0.041349497,0.25,0.038342597,0.116883117,0.37662337700000004,0.272727273,0.116883117,0.116883117
analcatdata_homerun.csv,50,9.82,3.420764922,0.02,0.025725999,20137.16173,42216.15805,0.2,0.18867962300000002,49,1.814814815,0.300613497,3.0625,2.112463017,2.578947368,1.304513084,8.929292928999999,3.53770514,0.04874513900000001,0.118657877,0.05749939,0.124878943,0.037037037,0.038171874,0.166666667,0.311111111,0.18888888899999998,0.15555555599999998,0.177777778
analcatdata_marketing.csv,116,8.525862069,2.078717024,0.00862069,0.01341427,9280.76075,9844.730173,0.166666667,0.159019987,115,3.59375,0.315934066,9.583333332999999,6.459078647,3.833333333,1.949064025,7.5670995670000005,2.435882089,0.086316953,0.08948129199999999,0.04458092,0.066925229,0.03125,0.023632855,0.249169435,0.24584717600000003,0.23255814,0.07641196,0.19601328899999998
analcatdata_reviewer.csv,178,9.382022472000001,2.605971491,0.005617978,0.0057068530000000004,43487.69089,97314.14358999999,0.25,0.076412756,177,22.125,0.46701847,11.0625,8.402132666,22.125,23.72724474,8.411267606000001,2.9140003610000003,0.067605702,0.081952598,0.03404613,0.047117495999999995,0.125,0.112029529,0.21621621600000002,0.202702703,0.364864865,0.067567568,0.148648649
AP_Breast_Omentum.csv,8,3.625,1.5059406169999998,0.125,0.280672802,34.26666667,18.18647675,0.5,0.176776695,7,0.000640088,0.016627078,1.4,0.5477225579999999,1.0,0.0,2.933333333,1.6676187759999999,0.22506789300000002,0.191291827,0.3125,0.171976431,9.14e-05,0.007457487,0.19742141100000002,0.198380268,0.202510732,0.199324374,0.202363215
AP_Breast_Prostate.csv,3,1.6666666669999999,0.577350269,0.333333333,0.43976126200000004,6.0,0.0,0.5,0.23570226,2,0.00018288200000000002,0.004842615,1.0,0.0,1.0,0.0,1.2,0.8366600270000001,0.353553391,0.0,0.5,0.0,9.14e-05,0.009237535,0.198475087,0.19903658600000002,0.201873633,0.198312548,0.20230214600000002
AP_Endometrium_Lung.csv,6,2.666666667,0.516397779,0.166666667,0.26104620100000003,14.66666667,2.065591118,0.5,0.0,5,0.000457206,0.026737967999999997,1.6666666669999999,0.577350269,1.0,0.0,2.0,1.0,0.353553391,0.0,0.41666666700000005,0.064549722,9.14e-05,0.007283927,0.198803457,0.199143216,0.20152153,0.198951178,0.201580619
AP_Endometrium_Prostate.csv,2,1.0,0.0,0.5,0.043514263,4.0,0.0,0.5,0.0,1,9.14e-05,0.007692308,1.0,3.674234614,1.0,2.7410749830000003,0.666666667,0.577350269,0.5,0.092790863,0.5,0.0,9.14e-05,0.009562485,0.20181025800000002,0.19982933600000002,0.199006491,0.19623320000000002,0.20312071399999998
AP_Endometrium_Uterus.csv,11,3.6363636360000005,0.809039835,0.090909091,0.164786303,40.8,16.03728988,0.5,0.064282435,10,0.0009144110000000001,0.054054054000000004,2.0,1.224744871,1.0,0.0,2.857142857,1.276154939,0.22348383800000002,0.199662123,0.301136364,0.090864691,9.14e-05,0.004666106,0.19851423899999998,0.198882731,0.20230234100000002,0.199177525,0.201123165
AP_Lung_Uterus.csv,6,3.333333333,1.6329931619999998,0.166666667,0.23856459600000002,23.46666667,12.36942467,0.5,0.471404521,5,0.000457206,0.02,1.0,0.0,1.0,0.0,2.727272727,1.678744119,0.15962068199999999,0.12460283300000001,0.322916667,0.158935259,9.14e-05,0.007829245,0.19825241,0.19791235399999998,0.201386835,0.20063279899999997,0.201815601
AP_Prostate_Lung.csv,3,1.6666666669999999,0.577350269,0.333333333,0.318072763,6.0,0.0,0.5,0.23570226,2,0.00018288200000000002,0.01025641,1.0,0.0,1.0,0.0,1.2,0.8366600270000001,0.353553391,0.0,0.5,0.0,9.14e-05,0.009149938,0.198845092,0.198933704,0.20153298600000003,0.198342958,0.20234526100000003
arrhythmia.csv,47,7.9574468089999995,3.457552834,0.021276596000000002,0.065222763,14524.22022,41577.39665,0.5,0.015044825,46,0.16487455199999998,0.10176991199999999,2.875,1.8211717840000001,1.12195122,0.331294578,7.053763441,3.618688182,0.059398185,0.098026221,0.09015477,0.108356303,0.0035842290000000004,0.01542773,0.29979571,0.238508682,0.193054137,0.129724208,0.138917263
arsenic-male-bladder.csv,28,7.035714286,2.219144694,0.035714286,0.088569864,937.6888889,927.0683692,0.5,0.151522882,27,6.75,0.048300537000000004,2.7,1.567021236,6.75,2.986078811,6.181818182000001,2.396686826,0.10019740099999999,0.12250713199999999,0.090122768,0.12401471,0.25,0.247204468,0.115384615,0.115384615,0.153846154,0.384615385,0.23076923100000002
audiology.csv,12,4.75,1.815338686,0.083333333,0.173423756,96.70476190000001,68.92455969,0.5,0.11785113,11,0.15942029,0.048672565999999994,1.571428571,0.534522484,1.0,0.0,4.0,1.954016842,0.133181057,0.127898393,0.204427083,0.146455569,0.014492753999999998,0.066461096,0.083011583,0.359073359,0.281853282,0.106177606,0.16988417
autoHorse.csv,10,3.7,1.059349905,0.1,0.17068137100000003,39.46666667,15.37289582,0.5,0.0,9,0.36,0.043902439,1.8,0.8366600270000001,1.5,0.5477225579999999,2.947368421,1.393384537,0.19491705399999998,0.13300710000000002,0.29375,0.12430361599999999,0.04,0.12956094699999998,0.35,0.161111111,0.061111110999999996,0.29444444399999997,0.133333333
autoMpg.csv,39,6.512820512999999,1.95840691,0.025641026,0.071805963,943.7396825,986.1893233,0.5,0.054392829000000004,38,5.428571429,0.095477387,3.8,2.043961296,5.428571429,3.10145895,5.61038961,2.2603903030000003,0.10524079900000001,0.10613838699999999,0.107522035,0.103320467,0.14285714300000002,0.249702602,0.038461537999999997,0.46153846200000004,0.192307692,0.192307692,0.115384615
autos.csv,34,5.705882353,1.314935458,0.029411765,0.038493905,392.0380952,255.4080866,0.166666667,0.090493967,33,1.32,0.16097561,4.125,2.748376144,1.941176471,1.088036548,4.805970149,1.751525793,0.13571781800000002,0.12257507,0.131204044,0.092514336,0.04,0.049742210999999995,0.21192053,0.278145695,0.271523179,0.132450331,0.105960265
biomed.csv,17,5.764705882,2.107409896,0.058823529000000006,0.1046328,243.33333330000002,157.8683146,0.5,0.041594517000000004,16,2.0,0.076555024,2.0,1.309307341,2.285714286,0.9511897309999999,4.96969697,2.242833705,0.136170395,0.177282049,0.158547794,0.18050858399999997,0.125,0.154581146,0.31147541,0.295081967,0.11475409800000001,0.131147541,0.14754098400000001
braziltourism.csv,104,9.240384615,2.819816121,0.009615385,0.016596651,23457.24955,41189.518039999995,0.5,0.040794622,103,12.875,0.25,6.8666666670000005,4.34028746,12.875,9.01486867,8.289855072,3.074013138,0.064132495,0.070253379,0.04360199,0.07582356,0.125,0.07668252,0.36065573799999995,0.18032786899999997,0.24590163899999998,0.06557377,0.14754098400000001
bridges.csv,33,7.0606060610000005,2.1497004719999997,0.03030303,0.043281926,1083.498413,1020.501318,0.166666667,0.091412746,32,2.666666667,0.304761905,3.2,1.751190072,2.9090909089999997,2.256304299,6.184615385,2.370998654,0.09124657300000001,0.107079051,0.08854166699999999,0.11130956300000001,0.083333333,0.082530995,0.23943662,0.535211268,0.098591549,0.028169014,0.098591549
car.csv,92,9.576086957000001,2.521266452,0.010869565,0.041261479,16730.813140000002,20875.136759999998,0.25,0.172777087,91,15.16666667,0.052662037,6.5,4.686313953,15.16666667,7.884584115,8.633879781000001,2.7838525219999997,0.063617449,0.09447781,0.035115118,0.073515569,0.166666667,0.07774576,0.106382979,0.212765957,0.212765957,0.14893617,0.319148936
churn.csv,277,12.39711191,4.337366165,0.003610108,0.010455836999999999,2026209.4119999998,6193440.756,0.5,0.0025527320000000003,276,13.8,0.0552,12.54545455,7.3337268689999995,13.8,7.045715382999999,11.42133816,4.5266577969999995,0.04591292,0.07637837900000001,0.021068358,0.043556419000000006,0.05,0.047959311,0.110344828,0.49655172399999997,0.15862069,0.08965517199999999,0.144827586
colleges_aaup.csv,171,9.175438596000001,2.455170824,0.005847953,0.017870423,31636.949889999996,63797.85521,0.25,0.217942528,170,10.625,0.146425495,11.33333333,8.532849688999999,10.625,4.588027899,8.205278592,2.77998651,0.07244454,0.086777912,0.035561722999999996,0.047170800000000006,0.0625,0.102216473,0.18,0.18666666699999998,0.073333333,0.18,0.38
connect-4.csv,18281,18.13544117,3.9000550389999997,5.47e-05,0.00018835099999999999,11735665172.0,133000000000.0,0.333333333,0.08637974300000001,18280,435.2380952,0.27058632,553.9393938999999,631.9001078,435.2380952,373.1607127,17.13596455,4.147344726,0.032943648,0.049792359,0.000613943,0.002180619,0.023809524,0.020075274,0.204013378,0.24749163899999999,0.157190635,0.20735786,0.18394648800000002
dataset_105_lung-cancer.csv,12,4.166666667,1.337115847,0.083333333,0.076932182,63.2,35.57813425,0.333333333,0.144337567,11,0.19642857100000002,0.34375,1.8333333330000001,0.752772653,1.0,0.0,3.3913043480000002,1.616368838,0.15936699699999998,0.126488187,0.252604167,0.140045101,0.017857143,0.045387366,0.26628895199999997,0.178470255,0.16147308800000001,0.172804533,0.220963173
dataset_106_molecular-biology_promoters.csv,38,5.789473684,1.35881297,0.026315789,0.023740729,479.6952381,363.989965,0.25,0.045580284000000006,37,0.637931034,0.349056604,4.625,2.7222627139999998,1.37037037,0.49210287799999997,4.88,1.8006005,0.15725565,0.138339867,0.126439145,0.0772727,0.017241378999999998,0.022096932000000003,0.257907543,0.333333333,0.165450122,0.133819951,0.10948905099999999
dataset_11_balance-scale.csv,161,8.111801242,1.453417476,0.00621118,0.014286641000000001,7467.009523999999,5244.848073,0.333333333,0.025859205,160,40.0,0.256,16.0,11.94431524,40.0,3.915780041,7.140186916,1.964283894,0.125014572,0.07488377,0.040688082,0.038231665,0.25,0.025753191,0.133333333,0.133333333,0.533333333,0.066666667,0.133333333
dataset_12_mfeat-factors.csv,119,10.1512605,3.2951907830000002,0.008403361,0.021809681,62038.421370000004,137567.7481,0.1,0.037465967999999995,118,0.5462962960000001,0.059000000000000004,6.941176471,4.943058115,1.3720930230000001,0.686791545,9.198312236,3.5124954460000004,0.05794759,0.084058231,0.040306668,0.07319700700000001,0.00462963,0.01527933,0.184640523,0.174836601,0.184640523,0.232843137,0.223039216
dataset_16_mfeat-karhunen.csv,186,9.172043011,2.2135877980000003,0.005376344,0.015125807,26000.33726,38869.72121,0.1,0.023256098,185,2.890625,0.0925,13.21428571,10.48206212,3.245614035,2.3320798640000002,8.199460916,2.573902228,0.078651502,0.089568976,0.03304299,0.045686868,0.015625,0.029862842,0.25827814600000004,0.282560706,0.18101545300000002,0.178807947,0.099337748
dataset_186_satimage.csv,504,11.9702381,3.6915231389999996,0.001984127,0.009336562,4379352.563999999,27192017.5,0.166666667,0.08613031,503,13.97222222,0.078227061,20.95833333,18.69545205,13.97222222,2.7410749830000003,10.98311817,3.9321675139999996,0.04420177,0.071181728,0.01420748,0.025169932000000002,0.027777778,0.064475607,0.17509727600000002,0.26848249,0.291828794,0.06614786,0.19844358
dataset_188_kropt.csv,6586,15.02839356,2.924504135,0.00015183700000000002,0.00026821,85687659.11,250199951.4,0.055555556,0.052608089000000004,6585,1097.5,0.234709153,274.375,294.07508839999997,1097.5,673.1946968999999,14.02961051,3.245515005,0.050331596,0.063639599,0.0016512999999999999,0.00337527,0.166666667,0.084848041,0.23404255300000001,0.08510638300000001,0.212765957,0.14893617,0.319148936
dataset_189_baseball.csv,77,7.818181817999999,2.703444551,0.012987013,0.077836634,10856.07308,29426.226510000004,0.333333333,0.098336075,76,4.470588235,0.056716418,5.066666667,3.8999389489999996,4.470588235,2.034626718,6.875816993,2.967632987,0.069942404,0.101885999,0.06926856099999999,0.068336392,0.058823529000000006,0.07176153,0.219512195,0.458536585,0.004878049000000001,0.151219512,0.16585365900000001
dataset_190_braziltourism.csv,123,9.699186992000001,3.1124682089999998,0.008130080999999999,0.015919097,42695.635389999996,67677.52804,0.14285714300000002,0.17909919800000001,122,15.25,0.296116505,8.133333333,4.189556176,15.25,9.662150012,8.742857143,3.35031195,0.067841685,0.08009137200000001,0.040608227999999996,0.069319785,0.125,0.067483874,0.131147541,0.409836066,0.24590163899999998,0.06557377,0.14754098400000001
dataset_194_eucalyptus.csv,192,10.77083333,3.019930885,0.005208333,0.009733692,219601.3316,803316.3632,0.2,0.054575779000000005,191,10.05263158,0.25951087,10.05263158,8.527561096,11.23529412,6.905879848,9.80156658,3.280482925,0.051444439,0.090024656,0.020705104,0.045465430999999994,0.052631579000000005,0.062088345999999996,0.19266055,0.155963303,0.146788991,0.174311927,0.330275229
dataset_20_mfeat-pixel.csv,155,7.948387097,1.4893280469999999,0.006451613,0.018389436000000002,7292.187013,8249.399745,0.1,0.021983923,154,0.6416666670000001,0.077,12.83333333,12.02144548,1.350877193,0.6237547760000001,6.977346278,1.9909221119999998,0.09396354300000001,0.10288507,0.043072707,0.034202689,0.004166667,0.013668935,0.142160279,0.288501742,0.20069686399999997,0.163066202,0.205574913
dataset_22_mfeat-zernike.csv,342,15.59064327,10.00479212,0.002923977,0.009598314,137000000000000.0,1250000000000000.0,0.1,0.07230628900000001,341,7.255319149,0.1705,6.68627451,8.871279944,7.255319149,3.01783168,14.61493411,10.08437481,0.019132658,0.047255324,0.016211454,0.042438525,0.021276596000000002,0.026783882999999998,0.14772727300000002,0.225,0.072727273,0.26590909100000004,0.288636364
dataset_23_cmc.csv,680,13.55735294,3.574118064,0.0014705879999999999,0.002746394,6747352.774,26788081.6,0.333333333,0.033993605,679,75.44444444,0.460964019,29.52173913,25.03246903,75.44444444,64.00021701,12.56806475,3.823562135,0.041564155,0.055859282,0.00801868,0.030343983999999997,0.111111111,0.097226633,0.1875,0.34375,0.21875,0.15625,0.09375
dataset_24_mushroom.csv,20,4.95,1.468081455,0.05,0.10482053300000001,165.6761905,117.1121764,0.5,0.070710678,19,0.8636363640000001,0.0023387489999999998,2.714285714,1.112697281,1.4615384619999998,0.5188745220000001,4.102564103,1.8034305290000001,0.156694939,0.139455043,0.190625,0.118899231,0.045454545,0.086630605,0.327044025,0.29559748399999997,0.188679245,0.062893082,0.125786164
dataset_27_colic.csv,59,7.796610169,2.426716677,0.016949153,0.038311393,3531.994228,3586.475782,0.5,0.083894025,58,2.636363636,0.157608696,5.272727273,2.37027041,3.222222222,2.073801725,6.871794872000001,2.689502138,0.09403063,0.10210705099999999,0.07491393,0.098046776,0.045454545,0.078836281,0.27672956,0.264150943,0.050314465,0.251572327,0.157232704
dataset_28_optdigits.csv,366,10.8579235,2.9080012539999998,0.00273224,0.010546713000000001,330973.5405,991818.5861,0.1,0.039723598,365,5.703125,0.064946619,19.21052632,16.40318041,7.3,3.7046578510000003,9.874145007000001,3.204111515,0.057851862000000004,0.083111506,0.0185577,0.03125803,0.015625,0.026280277,0.146189736,0.251944012,0.21772939300000002,0.136858476,0.24727838300000002
dataset_30_page-blocks.csv,165,10.21212121,3.591636421,0.006060606,0.04987012,367823.8277,1435422.4530000002,0.2,0.172328087,164,16.4,0.029965284,8.2,6.501821607,16.4,4.788875999,9.246200607999999,3.8107108960000002,0.049560702000000005,0.070232465,0.033377792,0.056094613,0.1,0.14192881300000001,0.36,0.18666666699999998,0.226666667,0.2,0.026666667
dataset_35_dermatology.csv,21,6.666666667,3.103761159,0.047619048,0.080197524,1263.172294,2169.451427,0.166666667,0.115666265,20,0.588235294,0.054644809,1.6666666669999999,0.6513389470000001,1.111111111,0.32338083300000003,5.853658537,3.1903054369999997,0.07996811599999999,0.117127011,0.143763951,0.164595153,0.029411765,0.069749415,0.11004784699999999,0.277511962,0.22488038300000002,0.14354067,0.244019139
dataset_36_segment.csv,72,10.70833333,3.429111083,0.013888889,0.035279356,49773.42959,77334.32192,0.14285714300000002,0.140663269,71,3.736842105,0.030735931,4.4375,2.5552234080000003,4.733333333,3.3266599869999998,9.79020979,3.577813375,0.053698455,0.099012245,0.034891764,0.089367215,0.052631579000000005,0.097612689,0.18840579699999999,0.333333333,0.101449275,0.239130435,0.137681159
dataset_37_diabetes.csv,129,8.534883721,2.165231337,0.007751938000000001,0.017475998,12903.43701,22893.91531,0.5,0.02740724,128,16.0,0.166666667,9.142857142999999,7.543281706,16.0,7.57816412,7.571984436,2.51784125,0.078046856,0.092216021,0.043942474,0.057862307,0.125,0.104426344,0.049180327999999995,0.426229508,0.09836065599999999,0.196721311,0.229508197
dataset_38_sick.csv,57,6.98245614,1.6849250519999999,0.01754386,0.076340957,1506.660317,1244.474109,0.5,0.111648439,56,1.9310344830000001,0.014846235,5.6,3.921450979,4.307692308,3.750213669,6.053097345,2.069509552,0.109342201,0.08338182,0.080215186,0.08602928900000001,0.034482759,0.10950426199999999,0.254807692,0.22596153800000002,0.129807692,0.129807692,0.259615385
dataset_3_kr-vs-kp.csv,55,9.109090908999999,3.195324868,0.018181818,0.044303645,18149.003569999997,45089.11478,0.5,0.141421356,54,1.5,0.01689612,3.375,2.217355783,1.6875,0.737804065,8.201834862,3.35763314,0.054818951,0.092671332,0.05396784,0.095257884,0.027777778,0.06489116,0.151750973,0.276264591,0.081712062,0.233463035,0.25680933899999997
dataset_41_glass.csv,50,7.24,2.317282011,0.02,0.03202937,2456.5391050000003,3766.60065,0.166666667,0.105577775,49,5.444444444,0.228971963,4.083333333,2.503028469,5.444444444,3.876567783,6.323232322999999,2.5865755580000003,0.081121195,0.111184798,0.08731445300000001,0.101378494,0.111111111,0.06261259400000001,0.222222222,0.34444444399999996,0.18888888899999998,0.1,0.144444444
dataset_42_soybean.csv,75,9.546666667,3.735488438,0.013333333000000001,0.020550836,39305.094280000005,73634.92276,0.052631579000000005,0.06776483400000001,74,2.114285714,0.10834553400000001,4.625,2.0289570390000002,2.4666666669999997,1.795268366,8.617449664,3.900099298,0.057748122,0.100939134,0.057963053,0.092934944,0.028571429,0.032916377999999996,0.284,0.24,0.188,0.132,0.156
dataset_44_spambase.csv,299,15.50501672,6.992023852999999,0.003344482,0.014344282,1974324615.0,13476469764.0,0.5,0.011824528,298,5.228070175,0.064768529,8.764705882000001,5.867521409,6.081632653,5.468991127000001,14.53266332,7.1016839229999995,0.027064106,0.062247569,0.016782809,0.048419711,0.01754386,0.04900371,0.245049505,0.324257426,0.17079207899999999,0.148514851,0.11138613900000001
dataset_46_splice.csv,188,9.765957447,2.634308936,0.0053191490000000004,0.016628534,53614.58417,107476.7027,0.333333333,0.103734769,187,3.06557377,0.05862069,11.6875,8.979374514,3.2241379310000005,3.392680995,8.794666667000001,2.938400258,0.066345334,0.08772045699999999,0.030846616,0.050725211,0.016393443,0.043641462,0.198943662,0.151408451,0.123239437,0.20246478899999998,0.32394366199999997
dataset_48_tae.csv,57,7.894736842,2.7234708060000004,0.01754386,0.013214915,5279.8707509999995,8167.764279999999,0.333333333,0.035087718999999996,56,11.2,0.370860927,4.307692308,2.213015115,11.2,9.418067742,6.973451327,2.95338842,0.077011349,0.098494666,0.075310958,0.096047384,0.2,0.13783635,0.05,0.275,0.2,0.15,0.325
dataset_50_tic-tac-toe.csv,130,8.469230769,1.93774608,0.007692308,0.012528886000000001,9826.912554,11648.48652,0.5,0.054392829000000004,129,14.33333333,0.134655532,10.75,8.465169278,14.33333333,6.244997998,7.5057915060000004,2.326741502,0.088194816,0.07955311,0.042499249,0.060173082,0.111111111,0.036863859,0.352941176,0.220588235,0.220588235,0.058823529000000006,0.147058824
dataset_53_heart-statlog.csv,46,6.086956522,1.3470310890000001,0.02173913,0.041239807,681.815873,561.9297293999999,0.5,0.030743773,45,3.461538462,0.166666667,5.0,3.674234614,3.75,2.00567377,5.164835165,1.809012845,0.135230994,0.125729877,0.109290082,0.071802496,0.076923077,0.06769712900000001,0.135135135,0.504504505,0.09009009,0.15315315300000001,0.11711711699999999
dataset_54_vehicle.csv,135,9.22962963,3.1996752180000003,0.0074074069999999995,0.016743397,73021.96731,195717.7365,0.25,0.17153386899999998,134,7.444444444,0.158392435,7.882352941000001,6.21371822,7.444444444,3.914110555,8.267657993,3.442886146,0.062041518,0.085410739,0.04251415099999999,0.055488885999999994,0.055555556,0.049734952,0.061068702,0.290076336,0.389312977,0.08396946599999999,0.17557251899999998
dataset_55_hepatitis.csv,22,5.1363636360000005,1.457181054,0.045454545,0.097873475,205.0857143,180.7332909,0.5,0.064282435,21,1.105263158,0.135483871,2.625,1.685018016,1.9090909090000001,1.044465936,4.279069767,1.803773576,0.122001457,0.097806721,0.17294034100000003,0.11231940900000001,0.052631579000000005,0.07664665,0.152173913,0.260869565,0.210144928,0.144927536,0.231884058
dataset_56_vote.csv,25,5.68,2.014944168,0.04,0.11160676900000001,460.67936510000004,695.5755045,0.5,0.084852814,24,1.5,0.055172414,2.4,1.577621275,1.6,0.828078671,4.8163265310000005,2.2700355119999998,0.09501882099999999,0.09929063699999999,0.153046875,0.11797678,0.0625,0.197822597,0.164948454,0.175257732,0.18556701,0.24742268,0.226804124
dataset_57_hypothyroid.csv,80,8.4875,2.648112535,0.0125,0.06332829200000001,10644.39982,18570.73907,0.25,0.17882719800000002,79,2.7241379310000005,0.020943796,5.642857143,3.629094883,4.9375,5.092068997,7.547169811,2.907210837,0.068896838,0.072246407,0.055662537000000005,0.083726361,0.034482759,0.108915629,0.1747851,0.1747851,0.335243553,0.085959885,0.22922636100000002
dataset_59_ionosphere.csv,23,5.434782609,1.590485545,0.043478261,0.09516467199999999,244.0190476,147.7496155,0.5,0.153718865,22,0.647058824,0.06267806299999999,3.142857143,1.345185418,1.294117647,0.5878675320000001,4.577777778,1.900823851,0.141728252,0.09319261599999999,0.15896739099999999,0.128558387,0.029411765,0.084228388,0.345679012,0.16872428,0.016460905,0.156378601,0.312757202
dataset_60_waveform-5000.csv,512,10.98828125,3.325737176,0.001953125,0.0074213840000000005,2757307.48,12637878.69,0.333333333,0.039660142,511,12.775,0.1022,23.22727273,25.01605545,12.775,6.244946675,10.0,3.594679696,0.048996608,0.074236039,0.015185255,0.020343746,0.025,0.042132232,0.222641509,0.211320755,0.150943396,0.09433962300000001,0.32075471699999997
dataset_61_iris.csv,9,3.777777778,1.201850425,0.111111111,0.150517625,37.46666667,13.14229812,0.333333333,0.222222222,8,2.0,0.053333333,1.6,0.8944271909999999,2.0,1.154700538,3.0588235289999997,1.434860108,0.19491705399999998,0.13300710000000002,0.270833333,0.10711960300000001,0.25,0.278238972,0.428571429,0.171428571,0.057142857000000005,0.2,0.14285714300000002
dataset_6_letter.csv,2233,16.09807434,4.063316183,0.00044782800000000005,0.001870419,171164438.7,706066697.0,0.038461537999999997,0.009544792,2232,139.5,0.1116,82.66666667,73.38675211,139.5,34.16821135,15.101903699999998,4.294820425,0.038325122,0.053128468,0.0032835670000000003,0.013896395,0.0625,0.041224981,0.128205128,0.23076923100000002,0.21367521399999997,0.102564103,0.324786325
Data_for_UCI_named.csv,2,1.0,0.0,0.5,0.195161472,4.0,0.0,0.5,0.0,1,0.076923077,0.0001,1.0,3.674234614,1.0,2.7410749830000003,0.666666667,0.577350269,0.5,0.092790863,0.5,0.0,0.076923077,0.277350098,0.26666666699999997,0.49166666700000006,0.041666667000000004,0.05,0.15
ecoli.csv,25,5.32,1.519868415,0.04,0.084368045,260.2285714,212.8958951,0.5,0.084852814,24,3.428571429,0.071428571,3.0,1.603567451,4.8,2.167948339,4.448979592,1.871510358,0.136657236,0.12147940900000001,0.1634375,0.108157284,0.14285714300000002,0.262748283,0.19047619,0.317460317,0.158730159,0.095238095,0.23809523800000001
electricity-normalized.csv,3881,16.08889461,4.227619403,0.000257666,0.001017326,631563606.2,3648423367.0,0.5,0.0020041679999999997,3880,485.0,0.085628531,133.7931034,124.7232305,485.0,201.9349259,15.09109651,4.453693515,0.036600421,0.05445067,0.002367125,0.0070428,0.125,0.138485301,0.28865979399999997,0.257731959,0.103092784,0.12371134,0.226804124
eye_movements.csv,2252,15.82904085,4.19754221,0.00044405,0.000871122,614111987.7,5734748165.0,0.333333333,0.08442123900000001,2251,83.37037037,0.20583394300000002,72.61290323,73.73360944,83.37037037,49.86377454,14.83277815,4.422316341,0.031948812,0.04742404,0.0032094740000000004,0.014493155,0.037037037,0.025859682999999998,0.27906976699999997,0.37209302299999997,0.162790698,0.139534884,0.046511628
fri_c2_1000_10.csv,71,7.098591549,1.741550455,0.014084507,0.039611595,2292.604906,2723.024038,0.5,0.029877751,70,7.0,0.07,6.3636363639999995,4.863593883,7.0,4.618802154,6.1560283689999995,2.13903746,0.09741973599999999,0.084496536,0.074507592,0.068645992,0.1,0.152416639,0.24,0.36,0.173333333,0.066666667,0.16
fri_c2_1000_5.csv,76,7.368421053,1.846381003,0.013157895,0.040986844,2852.998557,2965.334416,0.5,0.037216146,75,15.0,0.075,6.818181817999999,4.578606378,15.0,2.236067977,6.42384106,2.225420068,0.09724341800000001,0.084957484,0.0690147,0.070652235,0.2,0.19697804100000002,0.05,0.375,0.1,0.2,0.275
fri_c3_500_10.csv,49,6.469387755,1.634294456,0.020408163,0.045086915,1023.009524,1068.562978,0.5,0.014430751,48,4.8,0.096,4.8,3.3598941780000002,4.8,3.2249030989999996,5.546391752999999,2.025980311,0.10690842,0.097436798,0.09857302300000001,0.082715384,0.1,0.132740289,0.212765957,0.191489362,0.08510638300000001,0.319148936,0.191489362
dataset_1038.csv,205,10.51707317,3.85343636,0.004878049000000001,0.0194297,666153.051,2522229.246,0.5,0.037942315,204,0.21030927800000002,0.058823529000000006,9.714285713999999,7.669047249,1.172413793,0.448681989,9.545232274,4.065461048,0.049004569000000005,0.074818854,0.029691636,0.045055965,0.001030928,0.008841708,0.08992126,0.29118110199999997,0.29007874,0.154015748,0.17480315
heart-c.csv,46,6.173913043,1.567791764,0.02173913,0.041230363,844.7238095,1027.950751,0.5,0.0,45,3.461538462,0.148514851,4.5,3.4721111089999996,3.75,2.767506262,5.252747253,1.975367232,0.11632116699999999,0.125802583,0.10924762199999999,0.071955159,0.076923077,0.071526086,0.057471264,0.19540229899999997,0.229885057,0.275862069,0.24137931
hearth-h.csv,85,8.223529412000001,2.446457451,0.011764706000000002,0.038272245,8138.226929,12677.95627,0.2,0.069102001,84,6.461538462,0.28571428600000004,6.461538462,3.9500081139999996,7.0,6.31016496,7.278106509,2.7363611939999997,0.080003274,0.082712895,0.05810546900000001,0.077783387,0.076923077,0.06839924900000001,0.19858156,0.368794326,0.20567375899999998,0.056737589000000005,0.17021276600000002
hiva_agnostic.csv,181,17.25414365,8.107030348,0.005524861999999999,0.035146061,1780997452.0,6484795849.0,0.5,0.035160006,180,0.111317254,0.042563254,5.454545455,2.2651008409999998,1.0909090909999999,0.288354918,16.30470914,8.173208602999999,0.025643951,0.076186715,0.023020787,0.06881234,0.000618429,0.002726857,0.065072141,0.333446306,0.326958458,0.134259708,0.140263387
irish.csv,3,1.6666666669999999,0.577350269,0.333333333,0.214525834,6.0,0.0,0.5,0.23570226,2,0.4,0.004,1.0,0.0,2.0,2.7410749830000003,1.2,0.8366600270000001,0.353553391,0.0,0.5,0.0,0.2,0.447213595,0.125,0.325,0.05,0.2,0.3
JapaneseVowels.csv,785,11.95414013,3.0706703889999996,0.001273885,0.005424841,2715927.067,16642728.07,0.111111111,0.050172237,784,56.0,0.07870695700000001,34.08695652,34.47649139,56.0,11.845154800000001,10.96239643,3.3649966439999996,0.046697617000000004,0.070850015,0.010184895,0.016925736,0.071428571,0.043572190999999996,0.17391304300000002,0.253623188,0.19565217399999998,0.231884058,0.144927536
jm1.csv,1761,16.08517888,5.109328766,0.000567859,0.0012975789999999999,3070772519.0,36350676804.0,0.5,0.08793661800000001,1760,83.80952381,0.1616904,51.76470588,48.87588413,83.80952381,46.46785884,15.09003124,5.293662058,0.031199751,0.055819223,0.0043436,0.014157366000000001,0.047619048,0.036536028,0.09375,0.328125,0.322916667,0.09375,0.161458333
jungle_chess_2pcs_endgame_panther_lion.csv,15,4.533333333,1.4573295869999998,0.066666667,0.11209668699999999,101.2380952,77.87720518,0.333333333,0.133333333,14,0.304347826,0.00297619,2.0,1.0,1.076923077,0.277350098,3.7241379310000005,1.750439776,0.139193716,0.10845022300000001,0.223958333,0.131978298,0.02173913,0.095323912,0.18465909100000003,0.289772727,0.284090909,0.110795455,0.130681818
jungle_chess_2pcs_raw_endgame_complete.csv,10591,16.73524691,3.1071156010000003,9.44e-05,0.0008448619999999999,528474224.7,2141370978.0,0.333333333,0.108860791,10590,1765.0,0.23628371899999998,392.22222220000003,454.1522392,1765.0,1504.796996,15.73608423,3.4116580030000003,0.040868429,0.042626988,0.000929919,0.004447202,0.166666667,0.054170824000000006,0.17391304300000002,0.086956522,0.260869565,0.17391304300000002,0.304347826
dataset_1067.csv,263,11.86311787,4.029032162,0.003802281,0.013267863999999999,1066119.2140000002,3462516.85,0.5,0.094101663,262,12.47619048,0.12422949300000001,12.47619048,7.852509456,12.47619048,8.090853154,10.88761905,4.233267358,0.04986162400000001,0.067602526,0.022009527,0.044600697,0.047619048,0.040923268,0.256578947,0.256578947,0.256578947,0.131578947,0.098684211
kc2.csv,69,8.15942029,3.0274391639999996,0.014492753999999998,0.025093072,13436.494169999998,30345.79867,0.5,0.174214714,68,3.238095238,0.130268199,4.533333333,2.9244454089999996,3.238095238,2.211442107,7.226277372,3.249417823,0.067110245,0.08564966,0.069457123,0.08449159,0.047619048,0.08172943,0.226027397,0.356164384,0.075342466,0.11643835599999999,0.226027397
kin8nm.csv,1068,12.13576779,2.883445571,0.00093633,0.00259837,2373471.106,7292346.4860000005,0.5,0.00529668,1067,133.375,0.13024902300000002,50.80952381,49.54353545,133.375,21.79736223,11.14192037,3.199109392,0.052692607,0.069345413,0.008009015,0.012989447,0.125,0.060947182999999995,0.217821782,0.267326733,0.168316832,0.178217822,0.168316832
leukemia.csv,4,2.0,0.0,0.25,0.290230148,8.0,0.0,0.5,0.0,3,0.00042081599999999996,0.041666667000000004,1.5,0.7071067809999999,1.0,0.0,1.428571429,0.786795792,0.5,0.092790863,0.5,0.0,0.00014027200000000001,0.009910252,0.199090867,0.198356215,0.20081270899999998,0.197116488,0.20462372
lymphoma_2classes.csv,4,2.0,0.0,0.25,0.251006206,8.0,0.0,0.5,0.0,3,0.0007451560000000001,0.066666667,1.5,0.7071067809999999,1.0,0.0,1.428571429,0.786795792,0.5,0.092790863,0.5,0.0,0.000248385,0.012203263,0.19966104399999998,0.199620692,0.205673473,0.203413768,0.191631023
MagicTelescope.csv,2,1.0,0.0,0.5,0.20982706,4.0,0.0,0.5,0.0,1,0.090909091,5.2600000000000005e-05,1.0,3.674234614,1.0,2.7410749830000003,0.666666667,0.577350269,0.5,0.092790863,0.5,0.0,0.090909091,0.301511345,0.289473684,0.31578947399999996,0.131578947,0.15789473699999998,0.10526315800000001
mfeat-fourier.csv,15,4.533333333,1.5522640909999998,0.066666667,0.221192682,105.37142859999999,82.78640189,0.5,0.047140452,14,0.184210526,0.006999999999999999,2.0,1.0,1.166666667,0.38924947200000004,3.7241379310000005,1.830233235,0.13625230300000002,0.176825703,0.23020833300000001,0.134957297,0.013157895,0.09206762,0.183168317,0.215346535,0.17574257399999998,0.23019802,0.19554455399999998
mfeat-morphological.csv,14,4.785714286,1.7619295119999998,0.071428571,0.20878253800000002,113.63809520000001,78.66154575,0.5,0.101015254,13,2.166666667,0.0065,1.857142857,0.6900655590000001,2.6,1.673320053,4.0,1.9611613509999999,0.13307449,0.128632303,0.21316964300000002,0.162767571,0.166666667,0.271158491,0.225806452,0.494623656,0.064516129,0.139784946,0.075268817
mfeat-pixel.csv,155,7.948387097,1.4893280469999999,0.006451613,0.018402496,7292.187013,8249.399745,0.1,0.021983923,154,0.6416666670000001,0.077,12.83333333,12.02144548,1.4,0.638231502,6.977346278,1.9909221119999998,0.09396354300000001,0.10288507,0.043072707,0.034202689,0.004166667,0.013550592,0.125517241,0.25103448300000003,0.30482758600000004,0.140689655,0.177931034
mozilla4.csv,856,15.08411215,4.554535549,0.001168224,0.009490303,1075235920.0,11829309566.0,0.5,0.054519915,855,171.0,0.055001608,25.90909091,28.75148218,171.0,92.50405397,14.09351257,4.753271449,0.026868167999999998,0.065906221,0.005066163,0.022339603,0.2,0.344125522,0.05,0.375,0.3,0.05,0.225
openml_phpJNxH0q.csv,40,6.475,1.974030109,0.025,0.09302693599999999,958.0444444,1003.943899,0.5,0.070710678,39,4.333333333,0.055793990999999994,3.9,2.024845673,4.333333333,2.291287847,5.569620252999999,2.279696023,0.10479334,0.108538038,0.110693359,0.101487725,0.111111111,0.233394424,0.242038217,0.47133758,0.050955414000000004,0.10191082800000001,0.13375796199999998
openml_phpZNNasq.csv,10,4.8,2.097617696,0.1,0.12219692,88.03809524,60.73883226,0.14285714300000002,0.053452248,9,0.529411765,0.089108911,1.285714286,0.48795003600000003,1.0,0.0,4.1052631580000005,2.131633094,0.133181057,0.127898393,0.2078125,0.179487358,0.058823529000000006,0.10364486,0.20574162699999998,0.373205742,0.119617225,0.167464115,0.133971292
pbc.csv,85,8.235294117999999,2.818506269,0.011764706000000002,0.018384146,14615.54525,33976.85609,0.5,0.008318903,84,4.666666667,0.200956938,5.6,3.8507884160000003,6.0,3.9807227789999997,7.289940828,3.073303732,0.066759816,0.08581013900000001,0.061369054000000006,0.07092167,0.055555556,0.06286953099999999,0.190839695,0.43511450399999996,0.16030534400000002,0.122137405,0.091603053
pc1.csv,74,8.783783784,3.008072565,0.013513513999999999,0.055878022,13741.175309999999,21932.64029,0.5,0.133776959,73,3.476190476,0.065825068,5.214285714,2.48622579,3.65,2.9784312369999997,7.850340136,3.2252296119999997,0.067628425,0.080791162,0.058418893,0.088619857,0.047619048,0.051684037,0.22368421100000002,0.401315789,0.111842105,0.125,0.138157895
pc3.csv,135,10.08888889,3.402077212,0.0074074069999999995,0.027163503999999998,155385.6097,542740.743,0.5,0.068091764,134,3.6216216219999997,0.085732566,7.052631579,5.306952298,3.8285714289999997,2.443306755,9.130111524,3.622301413,0.051284564000000005,0.078341513,0.03672816,0.06794924299999999,0.027027027000000002,0.028041228999999997,0.11206896599999999,0.327586207,0.23275862100000003,0.11206896599999999,0.21551724100000003
pc4.csv,97,9.969072165,4.1794477510000005,0.010309278,0.053504395,151116.0258,430573.0044,0.5,0.080187367,96,2.594594595,0.06584362099999999,5.052631579,2.717713177,3.0,1.883716299,9.025906736,4.3414610069999995,0.050404052000000005,0.083916584,0.05165049,0.0739782,0.027027027000000002,0.052625798,0.212121212,0.352272727,0.21969697,0.12121212099999999,0.09469697
pendigits.csv,96,8.0625,2.329727791,0.010416667,0.061078825,8083.224864,12248.27832,0.5,0.029462783,95,5.9375,0.008642649,7.307692307999999,4.871423738,5.9375,2.954516317,7.109947644,2.646438619,0.079615984,0.084470669,0.05683136,0.06367018599999999,0.0625,0.10584185900000001,0.111111111,0.581196581,0.085470085,0.09401709400000001,0.128205128
php0FyS2T.csv,516,13.075581399999999,3.7778229530000003,0.001937984,0.002295448,3398936.393,9757365.663999999,0.01,0.00491759,515,8.046875,0.321875,23.40909091,17.145481399999998,8.046875,2.9890258939999996,12.08923375,4.010155857,0.045652973,0.058891217,0.011771698,0.032681757,0.015625,0.008559711,0.097130243,0.161147903,0.527593819,0.090507726,0.123620309
php3CTpvq.csv,45555,20.79844144,4.150046348,2.2e-05,0.000123911,330000000000.0,7590000000000.0,0.045454545,0.028714549,45554,11388.5,0.305051831,1168.0512820000001,1470.810535,11388.5,1744.331868,19.7986807,4.3837987069999995,0.026775043999999998,0.040573191,0.00024029400000000003,0.0017690170000000001,0.25,0.07468169599999999,0.303030303,0.212121212,0.03030303,0.24242424199999998,0.212121212
php3isjYz.csv,191,25.92670157,18.32240128,0.005235602,0.004786075,2.6e+16,9.17e+16,0.5,0.00370213,190,1.9,0.156765677,3.333333333,2.661453237,2.209302326,1.189327829,24.99737533,18.32491814,0.017721617,0.055229695999999995,0.023104227,0.061575967999999995,0.01,0.00863439,0.101278269,0.014749263,0.7767944940000001,0.052114060999999996,0.055063913
php4fATLZ.csv,41,5.609756097999999,0.737497416,0.024390244,0.019316971999999998,379.46666669999996,101.07403670000001,0.5,0.189711575,40,6.666666667,0.06655574,6.666666667,5.465040408999999,6.666666667,4.676180778,4.691358025,1.419876538,0.20149059600000002,0.09646399,0.122713415,0.060268865,0.166666667,0.199695067,0.113043478,0.47826087,0.21739130399999998,0.034782609,0.156521739
php4ylQmK.csv,15,4.2,1.014185106,0.066666667,0.13044202400000002,75.2,39.66142422,0.5,0.047140452,14,0.636363636,0.071794872,2.333333333,1.3662601019999998,1.2727272729999999,0.646669791,3.379310345,1.4494775690000001,0.190287476,0.155383284,0.24375,0.098962249,0.045454545,0.092096933,0.147058824,0.268907563,0.159663866,0.197478992,0.22689075600000003
php50jXam.csv,27,5.407407407000001,1.337600011,0.037037037,0.073506844,262.78095240000005,147.7769153,0.5,0.07856742,26,6.5,0.018950437,3.714285714,1.889822365,6.5,1.914854216,4.528301887,1.738741516,0.161153718,0.11589578,0.15219907400000002,0.108412887,0.25,0.248803446,0.060606060999999996,0.424242424,0.03030303,0.272727273,0.212121212
php5J5AK6.csv,11,3.9090909089999997,1.136181804,0.090909091,0.098384765,48.26666667,19.41829607,0.25,0.187413892,10,0.322580645,0.158730159,2.0,0.7071067809999999,1.25,0.46291005,3.142857143,1.4589624490000002,0.198257126,0.112913882,0.272727273,0.130422173,0.032258065,0.069690528,0.23873873899999998,0.22972973,0.148648649,0.11261261300000001,0.27027027
php5OMDBD.csv,30,7.066666667000001,3.117617717,0.033333333,0.020872905,3160.0670440000004,6375.320565,0.033333333,0.0,29,1.260869565,0.028999999999999998,2.230769231,1.300887271,9.666666667000001,2.081665999,6.203389831,3.25777405,0.079915622,0.117496824,0.115364583,0.131943064,0.043478261,0.11554527199999999,0.240963855,0.31927710800000003,0.024096386,0.313253012,0.10240963900000001
php5s7Ep8.csv,303,11.82178218,3.0559767939999998,0.00330033,0.009965626,575013.2157,2013095.142,0.14285714300000002,0.14036706599999998,302,11.18518519,0.155589902,15.1,13.97704886,11.61538462,6.645762097,10.84297521,3.3271118489999996,0.047738199,0.079340315,0.016705944,0.048915423,0.037037037,0.03944747,0.151162791,0.441860465,0.220930233,0.139534884,0.046511628
php7KLval.csv,284,9.373239437,1.911871615,0.003521127,0.004441561,37083.7177,46611.07903,0.5,0.134449881,283,14.15,0.28300000000000003,20.21428571,17.72082031,14.15,5.173566417,8.391534392,2.3384477969999997,0.088210099,0.082061255,0.024791018999999997,0.030224253,0.05,0.016817127,0.060209424000000004,0.458115183,0.319371728,0.09424083800000001,0.068062827
php9HX2u8.csv,10,5.4,2.875181154,0.1,0.082072754,191.7968254,219.55271119999998,0.1,0.0,9,0.257142857,0.004233302,1.0,0.0,1.0,0.0,4.736842105,2.825324077,0.088872439,0.120465365,0.199609375,0.195071031,0.028571429,0.063637179,0.16,0.38,0.252,0.064,0.14400000000000002
php9xWOpn.csv,7,3.857142857,1.9518001459999998,0.14285714300000002,0.11490875800000001,38.4,26.95609599,0.5,0.505076272,6,0.181818182,0.00309119,1.0,0.0,1.0,0.0,3.230769231,1.964427234,0.13323566,0.127495176,0.28125,0.178608627,0.03030303,0.067840788,0.09950248800000001,0.36069651700000005,0.313432836,0.141791045,0.08457711400000001
phpajta2z.csv,12,4.583333333,2.1514618,0.083333333,0.173268903,118.68571429999999,136.2843127,0.5,0.11785113,11,0.282051282,0.089430894,1.375,0.7440238090000001,1.375,0.51754917,3.826086957,2.289346352,0.105273479,0.150405612,0.249348958,0.16724319199999998,0.025641026,0.062722787,0.14403292199999998,0.275720165,0.12757201599999998,0.19753086399999997,0.255144033
phpAz9Len.csv,77,8.818181818,2.6936927930000003,0.012987013,0.02476788,13905.206390000001,31314.25675,0.5,0.082648845,76,1.948717949,0.140740741,5.066666667,4.165618916000001,2.814814815,2.2367049430000003,7.882352941000001,2.9378231660000003,0.063009674,0.078483154,0.05274468,0.093459315,0.025641026,0.046204826,0.253968254,0.197278912,0.23809523800000001,0.09977324300000001,0.210884354
phpBDgUyY.csv,279,12.51612903,3.781666023,0.0035842290000000004,0.012865488000000001,3701528.1119999997,20020700.51,0.090909091,0.06529346,278,6.95,0.050545455,11.58333333,10.66451518,6.95,4.16917873,11.54039497,3.996928027,0.03909761,0.061942770999999994,0.016530094,0.050867974,0.025,0.037601311,0.154185022,0.14537444900000002,0.471365639,0.123348018,0.10572687199999999
phpBG0Qsi.csv,28,5.964285714,1.835496559,0.035714286,0.07300601,440.51428569999996,329.29897900000003,0.5,0.050507627,27,0.613636364,0.101123596,3.375,1.407885953,1.4210526319999999,0.606976979,5.090909091,2.119335389,0.12349776400000001,0.088790905,0.13448660699999998,0.124390098,0.022727273,0.037456795,0.215753425,0.29109589,0.126712329,0.178082192,0.188356164
phpcSeK3V.csv,77,7.12987013,1.852101576,0.012987013,0.044488592,3179.4920629999997,5756.987233,0.5,0.027549615,76,15.2,0.015705724,6.333333333,5.382350506,15.2,6.534523701,6.183006536000001,2.237356019,0.106106522,0.104034045,0.07295048700000001,0.057771842000000004,0.2,0.246016166,0.015625,0.21875,0.34375,0.296875,0.125
phpCsX3fx.csv,486,15.94238683,4.346911887,0.002057613,0.0025081229999999997,51323599.49,329388626.8,0.01,0.0047699990000000005,485,7.578125,0.303125,17.32142857,15.508787400000001,7.822580645,3.9692432010000003,14.95983522,4.5388850960000005,0.03102008,0.078506881,0.007474471,0.041895613,0.015625,0.011340283999999999,0.139072848,0.22958057399999998,0.45474613700000005,0.028697572,0.14790287
phpd8EoD9.csv,147,9.340136054,2.541428243,0.006802720999999999,0.010735781000000002,37033.938989999995,87464.05636,0.090909091,0.026394685,146,12.16666667,0.147474747,9.125,7.990619500000001,13.27272727,6.694638288999999,8.375426621,2.845750901,0.060381221,0.064872917,0.033951532,0.060862865999999995,0.083333333,0.07933203900000001,0.23214285699999998,0.17857142899999998,0.107142857,0.16071428599999998,0.321428571
phpdo58hj.csv,7,3.0,0.8164965809999999,0.14285714300000002,0.194200705,20.0,5.849976258,0.5,0.101015254,6,0.001276053,0.09375,1.5,0.577350269,1.0,0.0,2.307692308,1.182131929,0.25244780899999997,0.123623306,0.375,0.102062073,0.000212675,0.008434139,0.197798764,0.19602805399999998,0.200194431,0.204846886,0.20113186600000002
phpdReP6S.csv,108,8.583333332999999,2.5618516959999997,0.009259259,0.047641222000000004,17582.38104,38849.10721,0.5,0.0,107,1.486111111,0.04222573,7.1333333329999995,5.7677263,2.14,1.245563556,7.627906977,2.8532917189999996,0.068318848,0.077240755,0.047065452,0.064517408,0.013888889,0.017867526,0.22171945699999998,0.162895928,0.38914027100000004,0.076923077,0.14932126699999998
phpEZ030X.csv,7,3.428571429,1.3972762619999999,0.14285714300000002,0.186505298,26.8,12.98546196,0.5,0.303045763,6,0.00161247,0.09375,1.2,0.447213595,1.0,0.0,2.769230769,1.5358952959999999,0.190604583,0.153253376,0.3125,0.128847051,0.000268745,0.010216041,0.19474160399999998,0.19942519600000003,0.210601948,0.198174464,0.19705678899999998
phpfKh1CO.csv,40,7.075,2.515464987,0.025,0.075563855,1871.578066,2324.530002,0.5,0.0,39,4.875,0.08863636400000001,3.545454545,1.5075567230000002,4.875,2.948970765,6.17721519,2.739827309,0.087224506,0.088256189,0.10043945300000001,0.11088973099999999,0.125,0.246921465,0.373333333,0.253333333,0.08,0.133333333,0.16
phpflaNJC.csv,84,8.916666667000001,2.2930399319999997,0.011904762,0.011701681,9825.236096999999,16267.543909999999,0.033333333,0.016951588,83,5.533333333,0.244117647,5.928571429,5.3416258789999995,5.533333333,2.263583337,7.976047904,2.583432143,0.063411312,0.09595968199999999,0.044606527,0.09097052900000001,0.066666667,0.044146415999999994,0.127388535,0.33757961799999997,0.261146497,0.146496815,0.127388535
phpfrJpBS.csv,200,9.95,2.0068976530000002,0.005,0.025021987000000002,34429.88252,32309.246460000002,0.25,0.255114353,199,24.875,0.015357308,15.30769231,12.39882128,24.875,23.061641,8.977443609,2.393876711,0.082457538,0.102576715,0.020891113,0.04243592,0.125,0.165338834,0.068965517,0.275862069,0.137931034,0.310344828,0.20689655199999998
phpgEDZOc.csv,35,6.485714286,2.441930632,0.028571429,0.116357239,1134.5777779999999,1302.387278,0.5,0.020203051,34,0.6938775509999999,0.036286018999999996,3.4,1.95505044,1.545454545,0.6709817060000001,5.594202899,2.675151676,0.112028957,0.17434577199999998,0.125613839,0.10401168300000001,0.020408163,0.048658299,0.262857143,0.277142857,0.145714286,0.18,0.134285714
phpgNaXZe.csv,97,7.9484536079999994,2.292974478,0.010309278,0.019798031,9022.348407,19449.97246,0.5,0.007289761,96,10.66666667,0.207792208,6.857142857,5.586482902,10.66666667,4.358898944,6.994818652999999,2.617046302,0.078350646,0.093404469,0.057588243,0.061103711,0.111111111,0.043351679000000004,0.147058824,0.544117647,0.220588235,0.029411765,0.058823529000000006
phpGReJjU.csv,30,6.5,2.515469381,0.033333333,0.008097787,1064.1604619999998,1521.338923,0.05,0.017099639,29,9.666666667000001,0.0006334509999999999,2.636363636,1.286291357,29.0,2.7410749830000003,5.627118643999999,2.7158430780000002,0.08710185,0.128289502,0.129589844,0.128662363,0.333333333,0.577350269,0.1,0.2,0.033333333,0.233333333,0.433333333
phpGUrE90.csv,122,9.106557377,2.917055509,0.008196721,0.022250133,41646.4767,131059.0308,0.5,0.011591913999999998,121,2.9512195119999998,0.114691943,7.117647058999999,5.498662939,4.033333333,2.8945052980000003,8.148148147999999,3.177052708,0.058613264000000005,0.078848184,0.044200334,0.06287203,0.024390244,0.044209816,0.26369863,0.284246575,0.133561644,0.16438356199999998,0.154109589
phpH2fvsy.csv,12,3.75,0.753778361,0.083333333,0.09953270800000001,46.13333333,16.22866898,0.333333333,0.144337567,11,0.45833333299999995,0.21153846199999998,2.2,1.303840481,1.1,0.316227766,2.956521739,1.26052878,0.23891722699999998,0.17305714100000003,0.286458333,0.085148322,0.041666667000000004,0.083704842,0.22077922100000003,0.324675325,0.194805195,0.15584415599999998,0.103896104
phphQEck0.csv,342,13.83040936,5.854582821,0.002923977,0.027289402,86389083.2,344955435.9,0.5,0.004135127,341,113.66666670000001,0.0013915129999999998,12.17857143,8.115159894,113.66666670000001,14.04753834,12.85212299,5.996341067,0.035294906,0.066577361,0.017795688,0.037920582,0.333333333,0.291068478,0.038461537999999997,0.153846154,0.192307692,0.153846154,0.46153846200000004
phpjuWdq9.csv,33,7.0606060610000005,2.1497004719999997,0.03030303,0.043281926,1083.498413,1020.501318,0.166666667,0.091412746,32,2.666666667,0.304761905,3.2,1.751190072,3.2,2.201009869,6.184615385,2.370998654,0.09124657300000001,0.107079051,0.08854166699999999,0.11130956300000001,0.083333333,0.07811205,0.08974359,0.384615385,0.179487179,0.102564103,0.243589744
phpkIxskf.csv,3673,15.97495236,4.065225811,0.00027225700000000003,0.002045973,683662568.3,5648947303.0,0.5,0.03869547,3672,229.5,0.081219172,122.4,123.5979578,229.5,226.354,14.97726344,4.2996618369999995,0.035189183,0.053966836,0.002452694,0.007522541,0.0625,0.071954232,0.264150943,0.28301886800000003,0.16981132100000002,0.075471698,0.20754717
phplVyjYQ.csv,35,7.028571428999999,2.007130147,0.028571429,0.038235038,1047.2317460000002,908.9176136,0.166666667,0.087442887,34,2.833333333,0.32380952399999996,3.4,2.170509413,3.0909090910000003,2.8793938760000004,6.144927536,2.2575061869999997,0.09084483800000001,0.109697524,0.085323661,0.10661437300000001,0.083333333,0.07660975,0.168316832,0.198019802,0.207920792,0.128712871,0.29702970300000003
phpmcGu2X.csv,147,26.14285714,12.62743263,0.006802720999999999,0.015761489,266000000000000.0,1590000000000000.0,0.111111111,0.058716587,146,0.170560748,0.135185185,2.807692308,1.343662854,1.269565217,0.5512623329999999,25.23549488,12.60663432,0.01594602,0.060208307999999995,0.020169223,0.07983781400000001,0.001168224,0.007143844,0.031570382,0.30187144,0.35280716,0.154759967,0.15899105
phpn1jVwe.csv,161,10.45341615,3.67415009,0.00621118,0.029782326,190767.5009,441487.9683,0.5,0.083447384,160,26.66666667,0.014307431,8.888888889,5.120763832,26.66666667,6.889605697,9.489096573,3.8851527630000002,0.056582033,0.091013043,0.034314552000000005,0.056614858,0.166666667,0.112783244,0.191489362,0.319148936,0.23404255300000001,0.127659574,0.127659574
phpNevWWL.csv,755,16.6397351,5.654979256,0.0013245029999999999,0.003127645,779559656.8,5865298844.0,0.2,0.165395942,754,29.0,0.269285714,23.5625,17.18765029,32.7826087,49.3944757,15.65142478,5.811509288,0.02973817,0.065707954,0.007756818,0.02874164,0.038461537999999997,0.054261591,0.21367521399999997,0.243589744,0.27777777800000003,0.115384615,0.14957265
phpnYQXoc.csv,80,7.05,1.533590145,0.0125,0.011400616,2191.149206,1969.2448550000001,0.25,0.070710678,79,9.875,0.509677419,7.9,5.685263602000001,9.875,5.139135558,6.100628931,1.9879222930000002,0.120819195,0.102899881,0.071142578,0.055613639000000006,0.125,0.050507561,0.131147541,0.508196721,0.14754098400000001,0.06557377,0.14754098400000001
phpOJxGL9.csv,118,11.05932203,4.595226756000001,0.008474576,0.019804016,447634.6972,1070001.415,0.5,0.023969721,117,11.7,0.200686106,5.85,2.870448342,11.7,6.092800852000001,10.1106383,4.743472079,0.047799545,0.080159038,0.040404675,0.073096312,0.1,0.05230512,0.373333333,0.2,0.2,0.066666667,0.16
phpoOxxNn.csv,487,21.94455852,8.351770109,0.0020533879999999997,0.0024418000000000005,1110000000000.0,7420000000000.0,0.01,0.005009857,486,7.59375,0.303939962,11.30232558,8.218836911,7.59375,3.1000192010000003,20.96813977,8.438717132999999,0.019216907,0.067046183,0.007368517,0.042217806,0.015625,0.007440827,0.113500597,0.280764636,0.463560335,0.064516129,0.077658303
phpoW7Dbi.csv,231,22.12987013,8.330693352,0.004329004,0.004084651,4670000000000.0,35400000000000.0,0.5,0.082648845,230,2.3,0.189768977,5.0,4.633213428,2.674418605,1.474822904,21.18004338,8.380886173,0.018606203999999998,0.063994069,0.013133805,0.06382802900000001,0.01,0.0087818,0.053900709000000005,0.07092198599999999,0.7418439720000001,0.042553191,0.090780142
phpPbCMyg.csv,1760,16.08409091,4.728655075,0.000568182,0.00146955,1353693797.0,13011799921.0,0.166666667,0.044195148,1759,34.49019608,0.287512259,54.96875,52.67580970000001,34.49019608,26.3456809,15.08894572,4.927246705,0.031635053999999996,0.051378991,0.004042545,0.015872392,0.019607843,0.013380562,0.17721519,0.221518987,0.32278481,0.14556962,0.132911392
phpPQrHPH.csv,1684,17.27731591,4.8250124130000005,0.0005938240000000001,0.001593982,13355236733.0,172000000000.0,0.1,0.038912682999999997,1683,240.4285714,0.16470933599999998,46.75,50.84900617,240.4285714,218.62056710000002,16.28274428,5.018173373,0.026410557999999997,0.053075326,0.003543235,0.019600842,0.14285714300000002,0.057301552,0.038461537999999997,0.46153846200000004,0.307692308,0.038461537999999997,0.153846154
phpRql5hp.csv,25,7.56,2.550816863,0.04,0.031970853,1154.196825,922.5932614,0.333333333,0.244404037,24,6.0,0.15,2.4,1.429840706,6.0,1.6329931619999998,6.734693878,2.643983029,0.08896948,0.119795408,0.088046875,0.145568884,0.25,0.179215719,0.212121212,0.303030303,0.181818182,0.060606060999999996,0.24242424199999998
phpSF8oeR.csv,6,3.166666667,1.329160136,0.166666667,0.138332218,20.0,6.196773353999999,0.333333333,0.166666667,5,0.22727272699999998,0.13888888900000002,1.25,0.5,1.0,0.0,2.545454545,1.4396969380000002,0.25800053300000003,0.082751202,0.333333333,0.129099445,0.045454545,0.117338064,0.22556391,0.240601504,0.17293233100000002,0.14285714300000002,0.218045113
phpSj3fWL.csv,71,6.38028169,0.7628180309999999,0.014084507,0.019849251000000002,1001.790476,336.5151693,0.1,0.021463153999999998,70,10.0,0.14,10.0,8.286535263,10.0,4.434711565,5.432624112999999,1.4847075930000002,0.203269623,0.097884795,0.082966549,0.039514488,0.14285714300000002,0.03135135,0.115384615,0.384615385,0.192307692,0.192307692,0.115384615
phpSOw1Kl.csv,40,6.45,2.037469522,0.025,0.054632164000000004,993.3460317,1056.537763,0.2,0.061237244,39,7.8,0.09677419400000001,3.9,2.024845673,7.8,4.3243496619999995,5.544303797,2.335882134,0.100702192,0.120305804,0.113134766,0.097331579,0.2,0.291933255,0.425,0.1,0.2,0.05,0.225
phpSRnbqC.csv,38,9.289473683999999,3.1443462319999997,0.026315789,0.031580533,6911.624331,7527.816795999999,0.5,0.037216146,37,3.083333333,0.203296703,2.8461538460000004,1.7246329969999998,3.3636363639999995,1.747725795,8.426666667000001,3.234832939,0.069500097,0.126439774,0.062422902999999995,0.127898664,0.083333333,0.064225619,0.21,0.24,0.35,0.08,0.12
phpSZJq5T.csv,24,6.416666667,2.465706825,0.041666667000000004,0.044179464,633.0349206000001,563.7699024,0.1,0.06573422,23,0.017692308,0.063888889,2.555555556,0.881917104,1.0,0.0,5.574468085,2.627154858,0.10008083,0.12307316300000001,0.137695313,0.154165141,0.0007692310000000001,0.007989137,0.06804095,0.267010237,0.321888711,0.174524688,0.168535413
phptbYBGx.csv,48,8.166666667000001,3.164519616,0.020833333,0.081803556,7249.509735,12901.91981,0.5,0.0,47,1.27027027,0.071104387,3.357142857,1.5984195490000002,1.807692308,0.895286804,7.263157895,3.3364860039999997,0.067469344,0.082994042,0.080863953,0.111919987,0.027027027000000002,0.033957631,0.16112532,0.179028133,0.33759590799999994,0.104859335,0.21739130399999998
phptd5jYj.csv,254,9.251968504,2.133743593,0.003937008,0.010322491999999999,40474.66631,72851.29963,0.1,0.035369828,253,0.98828125,0.158819837,16.86666667,14.75933925,1.5240963859999999,0.776174045,8.272189349,2.519660978,0.079180511,0.088802441,0.027594859,0.030365588,0.00390625,0.008562088,0.071151358,0.344113842,0.275549806,0.165588616,0.143596378
phpTJRsqa.csv,1283,14.36788776,3.83700239,0.000779423,0.001167745,62776059.64,596591390.6,0.14285714300000002,0.13720337,1282,116.54545449999999,0.261739486,45.78571429,45.54961247,116.54545449999999,15.7376214,13.37387914,4.078139369,0.03750563,0.061323557,0.005907788000000001,0.016221294,0.090909091,0.02249195,0.08396946599999999,0.198473282,0.36641221399999996,0.152671756,0.198473282
phpTXWrKb.csv,85,8.223529412000001,2.446457451,0.011764706000000002,0.038272245,8138.226929,12677.95627,0.2,0.069102001,84,6.461538462,0.28571428600000004,6.461538462,3.9500081139999996,7.0,6.208498574,7.278106509,2.7363611939999997,0.080003274,0.082712895,0.05810546900000001,0.077783387,0.076923077,0.06724421400000001,0.090909091,0.522727273,0.181818182,0.045454545,0.159090909
phpu00N5N.csv,9,3.5555555560000003,1.130388331,0.111111111,0.152874872,34.13333333,15.15651675,0.333333333,0.222222222,8,0.347826087,0.153846154,1.6,0.5477225579999999,1.142857143,0.37796447299999997,2.823529412,1.42457424,0.197069085,0.121847581,0.3125,0.13165859,0.043478261,0.10300994599999999,0.13253012,0.385542169,0.078313253,0.253012048,0.15060241
phpuZu33P.csv,78,8.192307692,2.7448071030000003,0.012820513,0.041980185999999996,10363.001890000001,19216.50319,0.5,0.090654716,77,0.25752508399999996,0.031990028999999996,5.5,3.3684052380000002,1.222222222,0.45594441,7.251612903,2.9991201060000003,0.073187164,0.08388437900000001,0.063284067,0.078791403,0.003344482,0.018257363999999998,0.156765677,0.224422442,0.242574257,0.182618262,0.193619362
phpV5QYya.csv,560,13.37321429,3.814340283,0.0017857139999999999,0.01219152,8166501.964,37403183.7,0.5,0.065659915,559,18.63333333,0.050565355,23.29166667,19.73185279,18.63333333,13.93948333,12.38605898,4.045495133999999,0.039727616,0.055637785999999995,0.00948769,0.033774247,0.033333333,0.113174016,0.241860465,0.288372093,0.106976744,0.158139535,0.204651163
phpVDlhKL.csv,13,6.923076922999999,3.774068063,0.076923077,0.12765117199999998,1106.1564210000001,1630.7323609999999,0.5,0.489535464,12,0.052401747,0.1875,1.0,0.0,1.0,0.0,6.24,3.688721549,0.066654907,0.110311775,0.153808594,0.19000081100000002,0.004366812,0.024435027999999998,0.057835820999999996,0.34390547299999996,0.286069652,0.146766169,0.165422886
phpVeNa5j.csv,33,6.484848485,1.9384467380000001,0.03030303,0.080395984,706.3555556,558.9500007,0.25,0.177343938,32,1.333333333,0.005865103000000001,3.5555555560000003,1.810463415,2.461538462,1.6132464480000002,5.6,2.213594362,0.106589991,0.096455582,0.112215909,0.126598712,0.041666667000000004,0.090942831,0.233082707,0.165413534,0.030075188,0.15037594,0.42105263200000004
phpvtdNPU.csv,8,3.625,1.302470181,0.125,0.10667289099999999,32.13333333,13.20548227,0.2,0.111803399,7,0.000314225,0.073684211,1.4,0.5477225579999999,1.0,0.0,2.933333333,1.486446706,0.197069085,0.121847581,0.2890625,0.118996455,4.49e-05,0.003097003,0.198422579,0.19517107,0.199235456,0.20357080100000002,0.20360009399999998
phpvz1IQW.csv,16,4.4375,1.0935416470000001,0.0625,0.105206488,89.46666667,40.525613299999996,0.333333333,0.144337567,15,2.142857143,0.071428571,2.5,1.378404875,3.0,1.8708286930000002,3.6129032260000002,1.498386229,0.169845335,0.078445381,0.220703125,0.112655419,0.14285714300000002,0.211449923,0.14285714300000002,0.23809523800000001,0.047619048,0.11904761900000001,0.452380952
phpWfYmlu.csv,426,15.83333333,10.87978878,0.002347418,0.017338764,209000000000000.0,1560000000000000.0,0.5,0.165987507,425,21.25,0.057432432,8.333333332999999,11.00484742,21.25,4.191156102,14.85311398,10.95620368,0.020806555,0.050379300999999994,0.015275378000000001,0.032018372,0.05,0.031574173999999997,0.384615385,0.123076923,0.030769231,0.307692308,0.153846154
phpXeun7q.csv,37,6.891891892,2.389604614,0.027027027000000002,0.093834734,1293.853968,1289.864666,0.5,0.019110994,36,1.8,0.066666667,3.6,1.505545305,2.4,1.4040757,6.0,2.6193722740000003,0.099028084,0.130648878,0.109533361,0.120114434,0.05,0.058611212,0.12169312199999999,0.17989418,0.195767196,0.25925925899999996,0.243386243
phpxijhaP.csv,466,10.03433476,2.215027194,0.0021459229999999997,0.009160221999999999,154852.8546,367940.0644,0.5,0.012139172,465,23.25,0.062837838,27.35294118,28.19561397,23.25,5.901605491000001,9.046186896,2.603350604,0.071376283,0.093840942,0.017271869,0.017188703,0.05,0.031401231,0.24044943800000002,0.647191011,0.011235955,0.04494382,0.056179775
phpXxoe1Q.csv,93,8.516129032,3.2524669669999997,0.010752688,0.015105189,62408.50625,231249.4756,0.5,0.114049481,92,4.181818182,0.344569288,5.1111111110000005,4.39101876,4.181818182,1.680032983,7.567567567999999,3.477728367,0.057912079000000005,0.082998712,0.057808907,0.06572573400000001,0.045454545,0.040457271,0.037656904,0.44351464399999996,0.30543933100000004,0.075313808,0.138075314
phpy0HwUD.csv,91,8.087912088,2.345910634,0.010989011000000002,0.008439977,7838.288112,12814.35549,0.2,0.08974732699999999,90,6.923076922999999,0.45,6.923076922999999,4.44337594,8.181818182,6.145212475,7.138121547000001,2.655755763,0.080182133,0.08165593,0.057874742,0.069224512,0.076923077,0.06781214299999999,0.123966942,0.371900826,0.23966942100000002,0.148760331,0.115702479
phpYLeydd.csv,2229,14.64154329,3.686222657,0.00044863199999999997,0.00097644,58627337.88,272767559.2,0.2,0.045317795,2228,69.625,0.225665958,85.69230769,80.95518228,69.625,11.74116002,13.64505273,3.941290235,0.041536427,0.056964269000000005,0.003825695,0.010643971,0.03125,0.017427738,0.19607843100000003,0.232026144,0.035947712,0.22875817,0.307189542
phpyM5ND4.csv,75,10.94666667,3.5332143439999997,0.013333333000000001,0.034649507,61904.02752999999,90044.93926,0.14285714300000002,0.144573813,74,3.894736842,0.032034632,4.625,2.5265259419999997,4.933333333,3.7122705160000002,10.02684564,3.677812049,0.053698462999999995,0.099012171,0.033494059,0.087808686,0.052631579000000005,0.09820737800000001,0.161290323,0.322580645,0.032258065,0.24193548399999998,0.24193548399999998
phpysQLwp.csv,13,5.307692308,2.097006413,0.076923077,0.081804383,154.0190476,130.40330790000002,0.5,0.054392829000000004,12,0.049586777,0.1875,1.5,0.7559289459999999,1.0,0.0,4.56,2.180978374,0.11407583800000001,0.12765385099999998,0.17247596199999998,0.161136531,0.004132231,0.021663184,0.039447067,0.325016858,0.3320971,0.151045179,0.152393796
phpZrCzJR.csv,41,8.853658537000001,3.84422278,0.024390244,0.122656352,15538.16228,27467.2503,0.5,0.017246507,40,1.111111111,0.007843137,2.666666667,0.9759000729999999,2.105263158,0.994134847,7.975308642000001,3.946439245,0.057942564,0.100052221,0.080902844,0.128263825,0.027777778,0.10568390400000001,0.224390244,0.258536585,0.097560976,0.087804878,0.331707317
phpZZfh5g.csv,11,3.8181818180000002,1.07871978,0.090909091,0.10820017,46.26666667,20.1885336,0.333333333,0.13886593,10,0.000448773,0.095238095,2.0,0.7071067809999999,1.0,0.0,3.047619048,1.4309504,0.198257126,0.112913882,0.284090909,0.121396935,4.49e-05,0.002379248,0.198967278,0.195844243,0.199713295,0.20297529399999997,0.20249989
primary-tumor.csv,71,7.76056338,2.712219906,0.014084507,0.028316816,7018.836452,11631.47173,0.5,0.14938875699999998,70,4.117647058999999,0.206489676,5.384615385,3.5716117169999997,4.666666667,2.350278606,6.822695035,2.969568723,0.07660702400000001,0.101124972,0.07313902900000001,0.0716411,0.058823529000000006,0.058458609,0.135514019,0.429906542,0.14953271,0.08411215,0.20093457899999997
profb.csv,175,9.6,2.941967439,0.005714286,0.007166479,85789.41506,300806.9267,0.5,0.044446712,174,19.33333333,0.258928571,9.666666667000001,7.738368881,19.33333333,11.44552314,8.630372493,3.215139319,0.057512815999999994,0.102199716,0.034701407000000004,0.046825513,0.111111111,0.06311657400000001,0.263565891,0.294573643,0.240310078,0.062015504000000006,0.139534884
schizo.csv,39,8.128205128,2.80206209,0.025641026,0.028467415,3878.9760909999995,6020.99245,0.5,0.018130943,38,2.714285714,0.11176470599999999,2.923076923,1.705947364,2.923076923,3.148055973,7.246753247000001,2.9609557669999997,0.067854787,0.103682185,0.072547326,0.111442645,0.071428571,0.158654546,0.145631068,0.417475728,0.18446601899999998,0.194174757,0.058252427
solar-flare_1.csv,75,9.28,2.374185493,0.013333333000000001,0.032726182,10730.14212,13005.72164,0.2,0.206774166,74,6.166666667,0.234920635,5.692307692000001,4.090326299,7.4,3.533962208,8.348993289,2.632761818,0.073232463,0.110182981,0.036813151,0.082742809,0.083333333,0.14403944,0.17105263199999998,0.276315789,0.19736842100000002,0.22368421100000002,0.131578947
synthetic_control.csv,6,3.166666667,1.329160136,0.166666667,0.0,20.0,6.196773353999999,0.166666667,0.0,5,0.081967213,0.008333333,1.25,0.5,2.5,2.121320344,2.545454545,1.4396969380000002,0.25800053300000003,0.082751202,0.333333333,0.129099445,0.016393443,0.10516705400000001,0.261744966,0.37807606299999996,0.060402685,0.149888143,0.149888143
tumors_C.csv,7,3.0,0.8164965809999999,0.14285714300000002,0.212100855,20.0,5.849976258,0.5,0.101015254,6,0.000841633,0.1,1.5,0.577350269,1.0,0.0,2.307692308,1.182131929,0.25244780899999997,0.123623306,0.375,0.102062073,0.00014027200000000001,0.005885181999999999,0.20358077800000002,0.197643979,0.205731114,0.198111444,0.194932685
wine-quality-red.csv,400,11.04,3.277232159,0.0025,0.003979409000000001,959486.72,3894186.5539999995,0.166666667,0.152689773,399,36.27272727,0.249530957,19.0,17.01763791,36.27272727,6.9439312939999995,10.05506884,3.5441322489999996,0.049840022000000005,0.068083405,0.017599657,0.02822602,0.090909091,0.041302148999999996,0.329268293,0.292682927,0.134146341,0.097560976,0.146341463
yeast.csv,33,11.15151515,5.069031047,0.03030303,0.121259912,76226.245,128633.7601,0.5,0.107137391,32,0.275862069,0.013239553000000001,1.7777777780000001,0.878203752,1.142857143,0.35634832299999997,10.33846154,5.038219313,0.052457519,0.122881129,0.076801878,0.157228843,0.00862069,0.019983766,0.217948718,0.131054131,0.226495726,0.205128205,0.21937321899999998
