nr_classes,nr_instances,log_nr_instances,nr_features,log_nr_features,missing_val,ratio_missing_val,nr_numerical_features,nr_categorical_features,dataset_ratio,labels_sum,labels_mean,labels_std,skew_min,skew_std,skew_mean,skew_q1,skew_q3,skew_max,kurtosis_min,kurtosis_std,kurtosis_mean,kurtosis_q1,kurtosis_q3,kurtosis_max,rho_min,rho_max,rho_mean,rho_std,class_entropy,prob_min,prob_mean,prob_std,prob_max,norm_entropy_min,norm_entropy_mean,norm_entropy_std,norm_entropy_max,mi_min,mi_mean,mi_std,mi_max,equiv_nr_feat,noise_signal_ratio,dataset,multiply,add,subtract,abs,square
3,4177,8.337348564,9,2.197224577,0,0,8,1,0.002154656,3,3,0,0.017806721,0.882135369,0.857316372,0.576628754,0.659679432,3.128817379,-1.536430072,25.16610037,9.461955325,-0.029101524,0.547725514,76.02550923,0.493516709,0.986811585,0.812048651,0.147545351,1.583963615,0.316734498,0.333333333,0.012371126,0.346420876,0.071196734,0.159342317,0.069414621,0.228346927,0.027161683,0.1728535,0.077710411,0.26632698,9.163618973,-0.078165517,abalone.csv,0.034482759,0.448275862,0.310344828,0.068965517,0.137931034
2,48842,10.79634588,15,2.708050201,0,0,6,9,0.000307113,104,11.55555556,11.74839101,0.238749657,4.176025981,3.169369094,0.376788722,3.787079613,11.894659,-0.184268741,55.12310751,30.35963768,1.207073727,16.52522152,152.6930963,0.003706389,0.143688909,0.059434943,0.039544538,0.793843839,0.239281766,0.5,0.260718234,0.760718234,2.24E-05,0.019204208,0.030602562,0.180917264,3.89E-07,0.007299648,0.017178373,0.105945777,108.7509809,1.63084035,adult.csv,0.262135922,0.087378641,0.126213592,0.262135922,0.262135922
4,841,6.73459166,71,4.262679877,0,0,70,1,0.084423306,4,4,0,0.040708921,0.675895999,1.115865224,0.707035159,1.325906397,4.087186737,-0.790261586,3.634263392,2.35912946,0.365953089,2.383871161,21.23171723,2.00E-05,0.70645842,0.14842389,0.115522347,1.787416049,0.065398335,0.25,0.125047621,0.376932224,0.119491763,0.246079082,0.042161434,0.309274316,0.027051629,0.172246379,0.10631916,0.517604303,10.37708926,0.428645891,analcatdata_authorship.csv,0.196560197,0.28992629,0.122850123,0.226044226,0.164619165
2,92,4.521788577,11,2.397895273,0,0,8,3,0.119565217,63,21,26.87005769,0.084449299,0.464267384,0.531524194,0.21060513,0.769771194,1.47410232,-1.885215208,0.971204491,-0.756444385,-1.811054745,-0.261965218,0.940332859,0.003574744,0.971401728,0.415816415,0.335401229,0.734781352,0.206521739,0.5,0.293478261,0.793478261,0.013260273,0.065203518,0.121172024,0.482416121,0.00072009,0.019754415,0.04027138,0.20507738,37.19580399,2.300706097,analcatdata_cyyoung9302.csv,0.085714286,0.171428571,0.342857143,0.085714286,0.314285714
2,797,6.680854679,5,1.609437912,0,0,2,3,0.006273526,7,2.333333333,0.471404521,0.201077325,0.226222677,0.427300003,0.314188664,0.540411341,0.65352268,-1.194051526,0.319316827,-0.874734699,-1.034393113,-0.715076286,-0.555417872,0.593367975,0.593367975,0.593367975,0,0.710748319,0.194479297,0.5,0.305520703,0.805520703,0.060758536,0.150778645,0.091742818,0.319865456,2.56E-05,0.002553048,0.002767449,0.00713635,278.3920396,58.05828174,analcatdata_dmft.csv,0.116883117,0.376623377,0.272727273,0.116883117,0.116883117
4,163,5.093750201,28,3.33220451,16,0.003505697,25,3,0.171779141,21,7,0,0,1.530692873,0.96084613,0.024196927,1.055437189,6.203382689,-2.025157233,8.327132423,2.133091637,-1.322796309,1.075573276,36.93503018,8.83E-18,0.999920037,0.108403515,0.161924071,1.242485483,0.012345679,0.25,0.245151894,0.62345679,0.007382399,0.186453886,0.156224392,0.452528812,0.002696656,0.028615392,0.028367266,0.093281565,43.42018037,5.51585991,analcatdata_homerun.csv,0.166666667,0.311111111,0.188888889,0.155555556,0.177777778
5,364,5.897153868,33,3.496507561,202,0.016816517,33,0,0.090659341,0,0,0,0.004681944,0.53752421,0.591552705,0.111299912,0.799948863,1.708720258,-0.89391121,1.112691248,0.267537515,-0.530301073,0.577822271,3.024190779,0.00034927,0.785728192,0.130138119,0.110758668,1.564093942,0.025806452,0.2,0.208178263,0.564516129,0.169653735,0.2288311,0.027284106,0.267715208,0.016159283,0.047823248,0.030523913,0.181507431,32.70572397,3.784934338,analcatdata_marketing.csv,0.249169435,0.245847176,0.23255814,0.07641196,0.196013289
3,379,5.937536205,9,2.197224577,0,0,0,9,0.023746702,403,44.77777778,118.1653999,0,0,0,0,0,0,0,0,0,0,0,0,0,0,0,0,1.18244658,0.142480211,0.333333333,0.258793487,0.699208443,0.003082316,0.006739235,0.01664918,0.116020681,0.000447302,0.002955416,0.00611604,0.077790658,400.0947857,1.280299715,analcatdata_reviewer.csv,0.216216216,0.202702703,0.364864865,0.067567568,0.148648649
2,421,6.042632834,10937,9.299906815,0,0,10936,1,25.97862233,2,2,0,0.004008508,3.219237343,3.325953056,1.423213654,3.941373236,20.51577317,-0.276090912,57.79279286,28.78186264,3.547947983,25.22601579,420.930968,1.79E-09,0.999982775,0.103304396,0.089098224,0.686375617,0.182897862,0.5,0.317102138,0.817102138,0.002767919,0.207451763,0.081580719,0.349885083,0.000480422,0.02387716,0.026369823,0.31464812,28.74611618,7.688293006,AP_Breast_Omentum.csv,0.197421411,0.198380268,0.202510732,0.199324374,0.202363215
2,413,6.023447593,10937,9.299906815,0,0,10936,1,26.48184019,2,2,0,0.003883754,3.035588632,3.180819927,1.379427667,3.767875358,20.31977189,-0.498634135,52.7274479,26.23919293,3.378784491,22.94727477,412.9284134,1.07E-09,0.999981973,0.114543258,0.098491739,0.650958593,0.167070218,0.5,0.332929782,0.832929782,0.002822801,0.210302965,0.080470681,0.349400136,0.000443218,0.054178575,0.060377878,0.421426114,12.01505554,2.881662867,AP_Breast_Prostate.csv,0.198475087,0.199036586,0.201873633,0.198312548,0.202302146
2,187,5.231108617,10937,9.299906815,0,0,10936,1,58.48663102,2,2,0,0.004573753,2.335210291,2.700199933,1.162546568,3.366508773,13.66561495,-1.397620757,27.79083573,16.66057101,2.230389866,16.9627573,186.8309531,4.65E-09,0.999160861,0.117971108,0.098030468,0.911000086,0.326203209,0.5,0.173796791,0.673796791,0.006367123,0.267178248,0.094458739,0.412385623,0.001391,0.060755294,0.052859469,0.410540582,14.99457949,3.397612624,AP_Endometrium_Lung.csv,0.198803457,0.199143216,0.20152153,0.198951178,0.201580619
2,130,4.86753445,10937,9.299906815,0,0,10936,1,84.13076923,2,2,0,0.002937854,1.86087749,2.12245277,0.92350645,2.634881629,11.39233045,-1.721675746,18.37792719,10.23197476,1.190132277,10.13456372,129.8550129,9.97E-09,0.999416412,0.1653452,0.130129401,0.997266543,0.469230769,0.5,0.030769231,0.530769231,0.009266543,0.320299419,0.094551584,0.463714972,2.96E-05,0.137431245,0.115497337,0.651875368,7.256476086,1.33061571,AP_Endometrium_Prostate.csv,0.201810258,0.199829336,0.199006491,0.1962332,0.203120714
2,185,5.220355825,10937,9.299906815,0,0,10936,1,59.11891892,2,2,0,0.000899735,2.270505266,2.533457264,1.068292825,3.161751177,13.58067757,-0.941831916,26.70910718,15.24007495,1.933607255,15.09471952,184.6189552,5.41E-09,0.999054702,0.120713466,0.100185387,0.914650001,0.32972973,0.5,0.17027027,0.67027027,0.00643805,0.276840114,0.094431882,0.420723973,0.002169783,0.027774484,0.015278815,0.296425032,32.93130473,8.967425948,AP_Endometrium_Uterus.csv,0.198514239,0.198882731,0.202302341,0.199177525,0.201123165
2,250,5.521460918,10937,9.299906815,0,0,10936,1,43.748,2,2,0,0.002412583,2.618568372,2.884040059,1.217234346,3.552333094,15.79924775,-1.296150458,35.65294201,20.05986969,2.506856823,19.40761089,249.7418695,2.12E-09,0.999062474,0.11402981,0.095626303,0.999953833,0.496,0.5,0.004,0.504,0.004722995,0.243751917,0.091115882,0.388853181,1.06E-06,0.051983872,0.046203767,0.382879332,19.23584763,3.688991214,AP_Lung_Uterus.csv,0.19825241,0.197912354,0.201386835,0.200632799,0.201815601
2,195,5.272999559,10937,9.299906815,0,0,10936,1,56.08717949,2,2,0,0.003474459,2.343694505,2.571511924,1.115241035,3.087297162,13.95327951,-1.203001386,28.79725912,15.83344454,1.884481605,14.46849934,194.7939352,1.47E-09,0.999198943,0.145493024,0.119115818,0.937456171,0.353846154,0.5,0.146153846,0.646153846,0.006098248,0.269851129,0.091215755,0.414551603,0.00224681,0.112433828,0.101458443,0.60034183,8.337848007,1.400088421,AP_Prostate_Lung.csv,0.198845092,0.198933704,0.201532986,0.198342958,0.202345261
2,452,6.11368218,263,5.572154032,816,0.006864296,262,1,0.581858407,2,2,0,0.004172344,6.503687555,6.105094789,0.692404555,10.52346939,21.26029163,-1.966579865,127.3873931,84.51177119,3.317245386,109.226697,452,1.47E-09,0.999198943,0.145493024,0.119115818,0.873981048,0.294117647,0.5,0.205882353,0.705882353,0,0.233209732,0.184288287,0.507814366,9.44E-16,0.055195221,0.0476594,0.202838034,15.83436082,3.225179773,arrhythmia.csv,0.29979571,0.238508682,0.193054137,0.129724208,0.138917263
2,559,6.326149473,5,1.609437912,0,0,4,1,0.008944544,2,2,0,0,4.108412831,2.516857719,0,2.737579203,9.625987907,-1.214406572,45.97651728,25.38757467,-1.204578625,25.46392344,105.0211649,6.70E-18,0.972091214,0.284550706,0.351017594,0.255585567,0.04293381,0.5,0.45706619,0.95706619,0.020797687,0.26170723,0.140666005,0.36310634,0.008176428,0.034690898,0.02318155,0.067173073,7.367510725,6.543973809,arsenic-male-bladder.csv,0.115384615,0.115384615,0.153846154,0.384615385,0.230769231
2,226,5.420534999,70,4.248495242,0,0,0,70,0.309734513,156,2.228571429,0.740104791,0,0,0,0,0,0,0,0,0,0,0,0,0,0,0,0,0.814765885,0.252212389,0.5,0.247787611,0.747787611,0.005239269,0.033525943,0.036741376,0.127874311,5.11E-07,0.012852506,0.035040338,0.294339204,63.39354126,1.608514031,audiology.csv,0.083011583,0.359073359,0.281853282,0.106177606,0.16988417
2,205,5.323009979,26,3.258096538,114,0.021388368,17,9,0.126829268,53,5.888888889,6.099989881,0.02001551,0.856063865,0.896912607,0.211072272,1.050213776,2.817459025,-1.956854756,3.572273126,1.696955261,-0.082894853,2.074243468,13.71486634,0.005202524,0.971337042,0.346616436,0.270132129,0.924457141,0.339622642,0.5,0.160377358,0.660377358,0,0.131903317,0.132387569,0.414834943,0,0.082757259,0.114859874,0.395462604,11.17070765,0.593857984,autoHorse.csv,0.35,0.161111111,0.061111111,0.294444444,0.133333333
2,398,5.986452005,8,2.079441542,12,0.003768844,7,1,0.020100503,2,2,0,0.011534594,0.341030282,0.582720463,0.402849195,0.821710732,1.087326282,-1.376662176,0.731130501,-0.541596056,-0.999414283,-0.163549873,0.696947,0.180662195,0.95072139,0.564988232,0.244314891,0.997726756,0.471938776,0.5,0.028061224,0.528061224,0.154145399,0.291993219,0.080081474,0.376239883,0.072017902,0.273650027,0.128503882,0.417682954,3.645995467,0.067031575,autoMpg.csv,0.038461538,0.461538462,0.192307692,0.192307692,0.115384615
6,205,5.323009979,26,3.258096538,114,0.021388368,16,10,0.126829268,60,6,5.796550698,0.02001551,0.731334618,0.848189913,0.197292647,1.135417705,2.610862458,-0.8289454,1.880148434,1.232094227,-0.052864038,2.21150255,5.305682092,0.005202524,0.971337042,0.379100304,0.278671944,2.263650028,0.01875,0.166666667,0.104124992,0.3,0,0.125655885,0.131052072,0.414259619,0,0.128233213,0.151758906,0.603666121,17.65260318,-0.020098755,autos.csv,0.21192053,0.278145695,0.271523179,0.132450331,0.105960265
2,209,5.342334252,9,2.197224577,30,0.015948963,8,1,0.043062201,2,2,0,0.11655906,1.582075349,1.775249503,0.326739214,2.595748362,4.392481025,-1.031059901,9.492732187,7.203361628,0.584614111,9.983167811,24.09734465,0.008501674,0.745451592,0.208083409,0.184539399,0.929856497,0.345360825,0.5,0.154639175,0.654639175,0.108047013,0.293119797,0.102433968,0.416722573,0.011019715,0.139991881,0.071399297,0.239289333,6.642217344,1.093834269,biomed.csv,0.31147541,0.295081967,0.114754098,0.131147541,0.147540984
2,412,6.021023349,9,2.197224577,192,0.051779935,8,1,0.02184466,2,2,0,0.610008696,0.74831176,1.388223264,0.837941061,1.734620319,3.070611616,-0.284058437,4.16453082,3.292733909,0.659849379,3.737944818,12.89427692,0.02358194,0.852610051,0.132233462,0.17649578,0.785192548,0.23415978,0.5,0.26584022,0.76584022,0.080438906,0.20695254,0.0809607,0.355451269,0.006351559,0.021255503,0.018288444,0.065400695,36.94067169,8.736421765,braziltourism.csv,0.360655738,0.180327869,0.245901639,0.06557377,0.147540984
6,105,4.65396035,13,2.564949357,76,0.055677656,4,9,0.123809524,132,14.66666667,31.95830617,0.14569785,0.685773214,0.840323851,0.188763643,1.391284251,1.736149469,-0.938347096,1.746307766,0.795900841,-0.53561465,1.603976473,3.577028497,0.028213608,0.678183309,0.236035073,0.207316956,2.46074813,0.111111111,0.166666667,0.075648771,0.333333333,0.017113828,0.053679208,0.088018928,0.517096935,0.01545506,0.071201104,0.115938361,0.695197703,34.56053315,-0.246090241,bridges.csv,0.23943662,0.535211268,0.098591549,0.028169014,0.098591549
4,1728,7.454719949,7,1.945910149,0,0,0,7,0.004050926,25,3.571428571,0.494871659,0,0,0,0,0,0,0,0,0,0,0,0,0,0,0,0,1.20574097,0.037615741,0.25,0.270516283,0.700231481,0.075433437,0.079697984,0.004924276,0.085384048,9.41E-05,0.030996337,0.042890764,0.151955445,38.89946694,1.571206577,car.csv,0.106382979,0.212765957,0.212765957,0.14893617,0.319148936
2,5000,8.517193191,21,3.044522438,0,0,21,0,0.0042,0,0,0,0,0.78263411,0.551146526,0.011730827,1.067603626,2.771266204,-1.2,1.537159195,0.515847151,-0.021294471,0.65531661,5.682189089,0.00012433,0.999999951,0.040215508,0.152026013,0.587893575,0.1414,0.5,0.3586,0.8586,0.036755453,0.185240555,0.056501085,0.270345528,5.34E-05,0.0099641,0.01551297,0.048867522,59.00117094,17.59079625,churn.csv,0.110344828,0.496551724,0.15862069,0.089655172,0.144827586
4,1161,7.057036982,17,2.833213344,512,0.025941126,14,3,0.01464255,1196,398.6666667,524.5679704,0.343584205,1.565995834,1.703418591,0.468380147,2.611554103,5.815258975,-0.029910079,13.01996831,7.354099982,0.269380577,8.695557466,50.90962514,0.003888478,0.989443842,0.565337573,0.34137943,1.470938653,0.000931099,0.25,0.185092608,0.497206704,0.001064448,0.004183053,0.024190281,0.271499314,6.85E-05,0.00392034,0.028828578,0.418494078,375.2069134,0.067012813,colleges_aaup.csv,0.18,0.186666667,0.073333333,0.18,0.38
3,67557,11.12072696,43,3.761200116,0,0,43,0,0.0006365,0,0,0,0.075931383,8.415207891,6.419837288,1.239245325,6.877550283,33.62631084,-1.565864169,302.9954727,121.4443522,0.093530407,48.6009861,1251.183253,0.000363052,0.56093868,0.081704288,0.097961234,1.218444356,0.09546013,0.333333333,0.237890055,0.658303359,0.000917823,0.042384762,0.033920835,0.098467136,0.000140501,0.004102953,0.005759664,0.021057671,296.9676898,9.330307497,connect-4.csv,0.204013378,0.247491639,0.157190635,0.20735786,0.183946488
3,32,3.465735903,57,4.043051268,10,0.005482456,57,0,1.78125,0,0,0,0,1.094432481,0.926318707,0.197955957,1.212282818,5.656854249,-2.063273125,5.221905012,1.625437301,-0.914806532,1.819343716,32,0.000363052,0.56093868,0.081704288,0.097961234,1.579013207,0.296296296,0.333333333,0.030240614,0.37037037,0,0.219999632,0.075269935,0.353540663,0,0.129811701,0.099466367,0.517819269,12.16387421,0.694759635,dataset_105_lung-cancer.csv,0.266288952,0.178470255,0.161473088,0.172804533,0.220963173
4,106,4.663439094,59,4.077537444,0,0,0,59,0.556603774,336,5.694915254,13.17323202,0,0,0,0,0,0,0,0,0,0,0,0,0,0,0,0,1.959538329,0.160377358,0.25,0.057578093,0.320754717,0.011447352,0.084076944,0.051361811,0.148634338,0.000275062,0.014838421,0.011382828,0.105915786,132.0584093,4.666165021,dataset_106_molecular-biology_promoters.csv,0.257907543,0.333333333,0.165450122,0.133819951,0.109489051
3,625,6.43775165,5,1.609437912,0,0,4,1,0.008,3,3,0,0,0,0,0,0,0,-1.300798439,0,-1.300798439,-1.300798439,-1.300798439,-1.300798439,0,0,0,0,1.318116246,0.0784,0.333333333,0.180265089,0.4608,0.25,0.25,0,0.25,0.093820462,0.093820462,0,0.093820462,14.04934714,1.664663906,dataset_11_balance-scale.csv,0.133333333,0.133333333,0.533333333,0.066666667,0.133333333
10,2000,7.60090246,217,5.379897354,0,0,217,0,0.1085,0,0,0,0,0.25398009,0.340181253,0.118151091,0.521276617,1.073823789,-1.389320959,0.542228023,-0.319377668,-0.697585587,0.002271999,1.7012863,1.37E-05,1,0.248461173,0.196470984,3.321928095,0.1,0.1,0,0.1,0.211955121,0.261271607,0.020491926,0.298541587,0.11267503,0.419918555,0.122977989,0.861010762,7.910886667,-0.377804091,dataset_12_mfeat-factors.csv,0.184640523,0.174836601,0.184640523,0.232843137,0.223039216
10,2000,7.60090246,65,4.17438727,0,0,65,0,0.0325,0,0,0,0,0.106221057,0.122590071,0.036626133,0.181360961,0.418722048,-1.224302538,0.289371034,-0.063787887,-0.155729887,0.069956089,0.580942601,3.96E-05,0.570543912,0.106955131,0.083241277,3.321928095,0.1,0.1,0,0.1,0.220454482,0.242899332,0.011969693,0.290452994,0.047313317,0.182612766,0.120348588,0.674410116,18.19110547,0.330133356,dataset_16_mfeat-karhunen.csv,0.258278146,0.282560706,0.181015453,0.178807947,0.099337748
6,6430,8.768729817,37,3.610917913,0,0,37,0,0.005754277,0,0,0,0.022503895,0.355822964,0.425605402,0.10245386,0.674011872,0.919495499,-1.245126554,0.841480226,-0.183603628,-0.880357722,-0.19342625,1.277985362,0.088954108,0.960662138,0.491123458,0.319757214,2.483361876,0.097200622,0.166666667,0.061903977,0.238102644,0.196153357,0.223496188,0.015799779,0.240458698,0.41575781,0.590947209,0.098905889,0.764183227,4.20234132,-0.621800079,dataset_186_satimage.csv,0.175097276,0.26848249,0.291828794,0.06614786,0.19844358
18,28056,10.24195779,7,1.945910149,0,0,3,4,0.000249501,38,9.5,5.172040216,0.000782567,0.354697092,0.254154923,0.003350586,0.380841101,0.755763595,-1.229438349,0.341418526,-0.961995108,-1.202928819,-0.828273487,-0.480127685,0.013167106,0.123986649,0.052809186,0.050438762,3.504159021,0.000962361,0.055555556,0.052067414,0.162282578,0.023984118,0.05682129,0.048677683,0.203026503,0.001464787,0.022376125,0.035968087,0.142115809,156.6025866,1.539371335,dataset_188_kropt.csv,0.234042553,0.085106383,0.212765957,0.14893617,0.319148936
3,1340,7.200424893,18,2.890371758,40,0.001658375,16,2,0.013432836,1346,673,666,0.124416205,0.805650939,1.219342814,0.623202997,1.580726063,3.272871834,0.252389539,2.67271055,2.595936379,0.747197946,3.685212783,9.416647946,0.021545613,0.983576605,0.536505729,0.255304884,0.542982283,0.043181818,0.333333333,0.404991148,0.906060606,0.000862969,0.003680942,0.024482245,0.258861961,5.65E-05,0.001484701,0.012129306,0.160780106,365.7181654,1.479247367,dataset_189_baseball.csv,0.219512195,0.458536585,0.004878049,0.151219512,0.165853659
7,412,6.021023349,9,2.197224577,192,0.051779935,9,0,0.02184466,0,0,0,0.610008696,0.972948549,1.625098057,0.841289748,1.781019661,3.520096385,-0.284058437,5.591853241,4.700415602,0.960127277,6.615685139,15.96186881,0.000219032,0.852610048,0.130582738,0.161229237,1.137171491,0.002754821,0.142857143,0.259390006,0.76584022,0.080438906,0.20695254,0.0809607,0.355451269,0.014443186,0.05524897,0.035215158,0.12787662,20.5826733,2.745817183,dataset_190_braziltourism.csv,0.131147541,0.409836066,0.245901639,0.06557377,0.147540984
5,736,6.601230119,20,2.995732274,896,0.060869565,14,6,0.027173913,82,13.66666667,6.992058988,0.120151973,6.977514084,2.949614036,0.35195884,0.874084088,27.10927085,-1.887802597,190.0409176,62.86596626,-0.309522295,1.007038805,734.9416212,0.00052321,0.719225539,0.137379324,0.156960837,2.262024994,0.152886115,0.2,0.060520771,0.316692668,0.001801257,0.073534416,0.086892715,0.339112134,0.001759866,0.035148423,0.071089365,0.538453947,64.35637289,1.092111395,dataset_194_eucalyptus.csv,0.19266055,0.155963303,0.146788991,0.174311927,0.330275229
10,2000,7.60090246,241,5.484796933,0,0,241,0,0.1205,0,0,0,0,0.634202302,0.729521734,0.291009734,1.026908727,4.302409294,-1.918398645,1.899228492,-0.817343276,-1.769079477,-0.7018261,18.11634656,1.56E-05,0.939380604,0.171623383,0.158158546,3.321928095,0.1,0.1,0,0.1,0.048738921,0.162685097,0.026729514,0.226692528,0.028065212,0.24123384,0.08119138,0.483299893,13.77057254,-0.325612455,dataset_20_mfeat-pixel.csv,0.142160279,0.288501742,0.200696864,0.163066202,0.205574913
10,2000,7.60090246,48,3.871201011,0,0,48,0,0.024,0,0,0,0,0.490574341,0.77435445,0.364738622,1.206895308,1.794599515,-1.224302538,1.419772023,0.694568635,-0.471860872,1.748955876,4.370101299,7.46E-06,0.997870422,0.252428006,0.210779722,3.321928095,0.1,0.1,0,0.1,0.187949379,0.248017714,0.025490539,0.286191869,0.074801157,0.266613755,0.114771211,0.526918361,12.45970257,-0.069748993,dataset_22_mfeat-zernike.csv,0.147727273,0.225,0.072727273,0.265909091,0.288636364
3,1473,7.295056416,10,2.302585093,0,0,10,0,0.006788866,0,0,0,0.098918311,0.919244867,1.060349324,0.319928309,1.237796599,3.258111159,-1.681025794,2.885445956,0.669730849,-0.949320293,1.311206924,8.627000003,0.00109875,0.618368693,0.159449178,0.139913492,1.539034583,0.226069246,0.333333333,0.082597563,0.427019688,0.036169904,0.148665322,0.079621903,0.30480901,0.001789936,0.025591654,0.016628174,0.049148529,60.13814443,4.809133025,dataset_23_cmc.csv,0.1875,0.34375,0.21875,0.15625,0.09375
2,8124,9.002577923,22,3.091042453,0,0,0,22,0.002708026,117,5.318181818,3.050877126,0,0,0,0,0,0,0,0,0,0,0,0,0,0,0,0,0.999067897,0.482028557,0.5,0.017971443,0.517971443,0.000471228,0.034276054,0.026420793,0.07699267,0.000134193,0.037395567,0.059047458,0.366521258,26.71621223,-0.083419312,dataset_24_mushroom.csv,0.327044025,0.295597484,0.188679245,0.062893082,0.125786164
2,368,5.908082938,23,3.135494216,1560,0.184310019,7,16,0.0625,57,3.5625,1.116285694,0.018636045,0.528644249,0.837735644,0.418960272,1.231273901,1.580530045,-0.931788249,1.297466554,0.894770915,-0.044560086,1.89545609,2.649195263,0.013959074,0.691125075,0.188939788,0.178302212,0.591672779,0.142857143,0.5,0.357142857,0.857142857,0.062881482,0.220458418,0.156079508,0.688255601,0,0.058772353,0.078311266,0.410116318,10.06719568,2.751056522,dataset_27_colic.csv,0.27672956,0.264150943,0.050314465,0.251572327,0.157232704
10,5620,8.634086943,63,4.143134726,0,0,63,0,0.011209964,0,0,0,0.004935582,10.96261167,5.731887439,0.34111458,3.7290701,52.99527777,-1.646519853,478.86138,165.8590212,-1.366906847,17.00190003,2807.498576,1.71E-05,0.92667427,0.120024712,0.131376923,3.321832725,0.098576512,0.1,0.001150408,0.101779359,0.000368512,0.158603389,0.09218645,0.250539503,0.000823182,0.210779629,0.130241704,0.449784279,15.75974271,-0.247539294,dataset_28_optdigits.csv,0.146189736,0.251944012,0.217729393,0.136858476,0.247278383
5,5473,8.607582191,11,2.397895273,0,0,11,0,0.002009867,0,0,0,0.834717498,18.15048774,13.90251517,3.123880212,16.52643774,67.42540616,0.691928114,1351.21848,595.0339221,10.64001633,368.2581946,4816.887815,0.004539953,0.957032259,0.26461601,0.24970954,0.635462826,0.005116024,0.2,0.349333177,0.897679518,0.000407877,0.068573768,0.083969233,0.211428642,0.001028462,0.040472366,0.03884721,0.141608348,15.7011532,0.694335528,dataset_30_page-blocks.csv,0.36,0.186666667,0.226666667,0.2,0.026666667
6,366,5.902633333,35,3.555348061,16,0.001249024,35,0,0.095628415,0,0,0,0.008204047,1.17196068,1.457699773,0.399586772,1.944298127,4.778517412,-1.415594702,5.392371873,2.398458712,-0.257723346,2.306629593,23.45246698,0.000694481,0.941658627,0.231606503,0.207612776,2.428450961,0.055865922,0.166666667,0.077421291,0.310055866,0.047229104,0.147442859,0.061126393,0.355802271,0.068098951,0.310864938,0.156636408,0.599445263,7.811916577,-0.525701225,dataset_35_dermatology.csv,0.110047847,0.277511962,0.224880383,0.14354067,0.244019139
7,2310,7.745002804,19,2.944438979,0,0,18,1,0.008225108,7,7,0,0.052559508,4.644838677,3.419332282,0.900189591,4.697899809,16.90093525,-1.21587097,90.06976381,38.51719077,0.125114238,26.61307214,339.2210943,0.000145189,0.998644375,0.278004542,0.325256465,2.807354922,0.142857143,0.142857143,2.78E-17,0.142857143,0.009319777,0.177353212,0.103345571,0.297066149,0.013732681,0.518254001,0.379954717,0.898078976,5.416947895,-0.657787086,dataset_36_segment.csv,0.188405797,0.333333333,0.101449275,0.239130435,0.137681159
2,768,6.643789733,9,2.197224577,0,0,8,1,0.01171875,2,2,0,0.109372496,0.784942277,1.097393522,0.365174567,1.862683754,2.272250858,-0.520071866,2.750206101,2.775362395,0.52038981,5.283855802,7.214259554,0.017683091,0.544341228,0.171656789,0.130047474,0.933134317,0.348958333,0.5,0.151041667,0.651041667,0.168888212,0.238317805,0.031426756,0.273688824,0.018205809,0.046925357,0.036552483,0.133432693,19.88550278,4.078657254,dataset_37_diabetes.csv,0.049180328,0.426229508,0.098360656,0.196721311,0.229508197
2,3772,8.235360644,28,3.33220451,4284,0.040562036,6,22,0.007423118,47,2.136363636,0.624896686,1.232674239,4.619724818,3.569191882,1.287135991,1.899579341,13.88265276,4.073471499,84.50130846,51.41313507,6.93246867,33.86413491,238.1814624,0.038840958,0.793312275,0.275139182,0.206902422,0.399509446,0.079243911,0.5,0.420756089,0.920756089,0,0.03398872,0.045176835,0.180246206,8.19E-16,0.007139599,0.024950285,0.165148174,55.95684546,3.760592247,dataset_38_sick.csv,0.254807692,0.225961538,0.129807692,0.129807692,0.259615385
2,3196,8.069655307,37,3.610917913,0,0,0,37,0.011576971,75,2.027027027,0.162162162,0,0,0,0,0,0,0,0,0,0,0,0,0,0,0,0,0.998575539,0.477784731,0.5,0.022215269,0.522215269,0.000351659,0.049788526,0.028168663,0.085522055,8.18E-10,0.012867324,0.026572954,0.137428129,77.60553177,2.869376803,dataset_3_kr-vs-kp.csv,0.151750973,0.276264591,0.081712062,0.233463035,0.256809339
6,214,5.365976015,10,2.302585093,0,0,9,1,0.046728972,6,6,0,0.454181454,1.788689845,2.071040286,0.907289809,2.047053913,6.55164831,-0.410318963,16.20433661,9.908544271,2.662015617,6.681977951,54.68969853,0.000386019,0.810402696,0.227698429,0.180432623,2.176533992,0.042056075,0.166666667,0.12687774,0.355140187,0.114585911,0.243800387,0.073585305,0.331745103,0.122397664,0.272986567,0.105577478,0.457257868,7.973044305,-0.106914346,dataset_41_glass.csv,0.222222222,0.344444444,0.188888889,0.1,0.144444444
19,683,6.52649486,36,3.583518938,0,0,0,36,0.052708638,151,4.194444444,2.675188928,0,0,0,0,0,0,0,0,0,0,0,0,0,0,0,0,3.835507985,0.011713031,0.052631579,0.043056012,0.134699854,0.001688301,0.063934097,0.028169034,0.106204957,0.002719797,0.146166921,0.089948053,0.494340433,26.24060198,-0.562595305,dataset_42_soybean.csv,0.284,0.24,0.188,0.132,0.156
2,4601,8.43402895,58,4.060443011,0,0,58,0,0.012605955,0,0,0,0.433811391,6.979363441,11.00124551,5.797608154,13.48533015,31.06206428,-1.81259578,293.7783217,236.9806632,49.98049761,285.6243809,1480.64205,1.68E-05,0.996066051,0.064343853,0.103727565,0.967360237,0.394044773,0.5,0.105955227,0.605955227,0.002724053,0.026063914,0.024135704,0.118625332,0.000776117,0.015822739,0.017073465,0.097344474,61.13734517,0.647244157,dataset_44_spambase.csv,0.245049505,0.324257426,0.170792079,0.148514851,0.111386139
3,3190,8.067776196,62,4.127134385,0,0,0,62,0.019435737,3468,55.93548387,399.7397488,0,0,0,0,0,0,0,0,0,0,0,0,0,0,0,0,1.48017007,0.240438871,0.333333333,0.131151007,0.518808777,0.000352329,0.005104605,0.017471713,0.0859153,1.64E-06,0.001310089,0.009803475,0.265899226,1129.824149,2.896380539,dataset_46_splice.csv,0.198943662,0.151408451,0.123239437,0.202464789,0.323943662
3,151,5.017279837,6,1.791759469,0,0,6,0,0.039735099,0,0,0,0.008312805,0.735050929,0.824602695,0.152274416,1.401981866,1.954646522,-1.513348513,1.11206688,-0.195166477,-0.990998392,0.28850261,1.844904386,0.033484795,0.282741849,0.167435234,0.086284985,1.584520917,0.324503311,0.333333333,0.008259729,0.344370861,0.085047819,0.2743386,0.152401842,0.433862147,0.038619035,0.105826327,0.05656021,0.180180139,14.97284241,1.592347362,dataset_48_tae.csv,0.05,0.275,0.2,0.15,0.325
2,958,6.864847778,10,2.302585093,0,0,0,10,0.010438413,29,2.9,0.3,0,0,0,0,0,0,0,0,0,0,0,0,0,0,0,0,0.930953986,0.346555324,0.5,0.153444676,0.653444676,0.065714607,0.09039413,0.009557005,0.100830472,0.000938677,0.007147623,0.0127409,0.057103392,130.2466563,11.64674015,dataset_50_tic-tac-toe.csv,0.352941176,0.220588235,0.220588235,0.058823529,0.147058824
2,270,5.598421959,14,2.63905733,0,0,13,1,0.051851852,2,2,0,0.044703231,0.507377378,0.79310258,0.527736683,1.183720889,1.991970559,-2.005357688,1.847647007,0.115145111,-1.425258853,0.923096736,4.89559899,0.004107162,0.609711567,0.15752564,0.11991232,0.99107606,0.444444444,0.5,0.055555556,0.555555556,0.074928859,0.211554662,0.0950088,0.359297402,0.000133504,0.071309973,0.046744992,0.14455978,13.89814092,1.966691078,dataset_53_heart-statlog.csv,0.135135135,0.504504505,0.09009009,0.153153153,0.117117117
4,846,6.74051936,19,2.944438979,0,0,18,1,0.022458629,4,4,0,0.047845056,1.63572419,1.06672676,0.257969068,0.773015042,6.778393619,-0.978471296,14.82238454,5.153140517,-0.731540651,0.110792057,58.37545547,0.001183035,0.996318013,0.407056535,0.3413559,1.999066766,0.235224586,0.25,0.008943703,0.257683215,0.117912695,0.274845533,0.056677719,0.329018956,0.056557537,0.183050762,0.092035754,0.338465029,10.92083279,0.501471668,dataset_54_vehicle.csv,0.061068702,0.290076336,0.389312977,0.083969466,0.175572519
2,155,5.043425117,20,2.995732274,244,0.078709677,6,14,0.129032258,28,2,0,0.022382351,1.2882077,1.322576337,0.182820125,2.50776119,3.17856637,-0.534936184,5.574893705,4.488057589,0.248242388,8.179034192,14.01748294,0.008923786,0.424419202,0.230348557,0.112057691,0.681655912,0.180722892,0.5,0.319277108,0.819277108,0.083253535,0.178353096,0.119429806,0.482395552,3.47E-05,0.055387187,0.055552896,0.21335345,12.3071048,2.220114733,dataset_55_hepatitis.csv,0.152173913,0.260869565,0.210144928,0.144927536,0.231884058
2,435,6.075346031,17,2.833213344,0,0,0,17,0.03908046,34,2,0,0,0,0,0,0,0,0,0,0,0,0,0,0,0,0,0,0.962308049,0.386206897,0.5,0.113793103,0.613793103,0.067408087,0.108551138,0.010870708,0.11403917,6.00E-05,0.168153776,0.121695168,0.497781433,5.722785848,-0.354453163,dataset_56_vote.csv,0.164948454,0.175257732,0.18556701,0.24742268,0.226804124
4,3772,8.235360644,28,3.33220451,4284,0.040562036,6,22,0.007423118,49,2.227272727,0.734340656,1.232674239,4.619724818,3.569191882,1.287135991,1.899579341,13.88265276,4.073471499,84.50130846,51.41313507,6.93246867,33.86413491,238.1814624,0.038840958,0.793312275,0.275139182,0.206902422,0.485945216,0.000363504,0.25,0.386628553,0.918938568,0,0.03398872,0.045176835,0.180246206,0,0.007172177,0.021353371,0.107477809,67.75421526,3.738968503,dataset_57_hypothyroid.csv,0.1747851,0.1747851,0.335243553,0.085959885,0.229226361
2,351,5.860786223,34,3.526360525,0,0,33,1,0.096866097,2,2,0,0.005083119,0.609161054,0.615362232,0.069349592,0.881588442,2.532391693,-0.670922322,1.076668144,0.361127517,-0.168950285,0.550842829,4.438264795,0.000584066,0.825558368,0.230562078,0.174312968,0.941828535,0.358974359,0.5,0.141025641,0.641025641,0.058501768,0.320089982,0.053736531,0.359646483,0.081572571,0.130563985,0.037359963,0.252933248,7.21354006,1.451594763,dataset_59_ionosphere.csv,0.345679012,0.16872428,0.016460905,0.156378601,0.312757202
3,5000,8.517193191,41,3.713572067,0,0,41,0,0.0082,0,0,0,0.003448722,0.08803273,0.084137073,0.021761499,0.142789451,0.272037107,-1.506184465,0.326695374,-0.228363029,-0.491616921,0.015675994,0.15060826,1.13E-05,0.714205405,0.090741814,0.174135774,1.584879205,0.3306,0.333333333,0.003586394,0.3384,0.199132586,0.21514687,0.009775098,0.23487683,0.001057194,0.082568205,0.097900244,0.265126479,19.19478818,1.605686656,dataset_60_waveform-5000.csv,0.222641509,0.211320755,0.150943396,0.094339623,0.320754717
3,150,5.010635294,5,1.609437912,0,0,4,1,0.033333333,3,3,0,0.104996562,0.090416801,0.257106108,0.23209733,0.319696383,0.334052662,-1.401920801,0.688333565,-0.750739488,-1.355295829,-0.341352765,0.290781062,0.10936925,0.962757097,0.589815721,0.312123984,1.584962501,0.333333333,0.333333333,0,0.333333333,0.391894663,0.402824661,0.015701575,0.429915656,0.294153752,0.677852432,0.289616906,0.978708894,2.338211719,-0.40573399,dataset_61_iris.csv,0.428571429,0.171428571,0.057142857,0.2,0.142857143
26,20000,9.903487553,17,2.833213344,0,0,16,1,0.00085,26,26,0,0.049198333,0.342623798,0.417272261,0.220851635,0.530021399,1.159975015,-0.421178822,0.670918461,0.697737901,0.319034191,1.138128288,2.075245046,0.001336179,0.851513996,0.182895923,0.207962042,4.699810727,0.0367,0.038461538,0.001136231,0.04065,0.146435171,0.173493201,0.014198238,0.207681978,0.003345708,0.143851085,0.086181533,0.278456049,32.67136101,0.206061121,dataset_6_letter.csv,0.128205128,0.230769231,0.213675214,0.102564103,0.324786325
2,10000,9.210340372,14,2.63905733,0,0,13,1,0.0014,2,2,0,6.14E-07,0.005775116,0.00241446,2.74E-06,4.80E-06,0.018663442,-1.200004417,0.223122173,-1.115477275,-1.200002539,-1.199995596,-0.389468657,0.000490882,0.584554283,0.060109392,0.133446104,0.944330826,0.362,0.5,0.138,0.638,0.216495011,0.245305822,0.011071206,0.25,0.000413414,0.064011324,0.149276861,0.578319651,14.75255897,2.832225424,Data_for_UCI_named.csv,0.266666667,0.491666667,0.041666667,0.05,0.15
2,336,5.81711116,8,2.079441542,0,0,7,1,0.023809524,2,2,0,0.062866696,6.260678296,3.652916959,0.21424596,3.167268631,18.33030278,-1.044754289,116.3956421,51.97603083,-0.898704018,15.20748151,336,0.007653676,0.809323614,0.184000467,0.185772549,0.9839668,0.425595238,0.5,0.074404762,0.574404762,0.003487055,0.244717959,0.147799192,0.361668051,0.001653353,0.172206575,0.136438841,0.391328857,5.713874752,0.421072099,ecoli.csv,0.19047619,0.317460317,0.158730159,0.095238095,0.238095238
2,45312,10.72132718,9,2.197224577,0,0,8,1,0.000198623,2,2,0,8.51E-17,25.70889442,11.10688549,0.073601256,2.771221239,78.68700693,-1.318137405,2324.08469,900.3681133,-1.213001236,40.313576,7047.774288,4.96E-18,0.668500901,0.168669649,0.176643899,0.983509391,0.424545374,0.5,0.075454626,0.575454626,0.000310646,0.126885019,0.071020209,0.214428088,0.000140152,0.026328997,0.025904974,0.063762409,37.35460923,3.81921203,electricity-normalized.csv,0.288659794,0.257731959,0.103092784,0.12371134,0.226804124
3,10936,9.299815378,28,3.33220451,0,0,28,0,0.002560351,0,0,0,0,2.525579043,2.753026864,1.073774765,3.444909175,9.10745115,-1.841952999,29.59859837,20.12781491,-0.055883617,20.1369941,98.90132053,6.30E-05,0.999294197,0.09717355,0.138691861,1.566247825,0.262435991,0.333333333,0.052967342,0.389722019,0.023052263,0.111515618,0.066028823,0.247594699,0.000113545,0.009444116,0.009742221,0.032324689,165.843777,10.80794703,eye_movements.csv,0.279069767,0.372093023,0.162790698,0.139534884,0.046511628
2,1000,6.907755279,11,2.397895273,0,0,10,1,0.011,2,2,0,0.017358711,0.204948927,0.132205218,0.049612361,0.093406483,0.741462997,-1.217076719,0.430212137,-0.997614065,-1.193514962,-1.112784152,0.246684737,0.000758725,0.878238169,0.074700563,0.182426882,0.981453895,0.42,0.5,0.08,0.58,0.272758897,0.325055962,0.0180472,0.332986018,0.001321419,0.056665796,0.093367434,0.269458714,17.32004065,4.736369784,fri_c2_1000_10.csv,0.24,0.36,0.173333333,0.066666667,0.16
2,1000,6.907755279,6,1.791759469,0,0,5,1,0.006,2,2,0,0.017643604,0.249258726,0.16952294,0.031692108,0.067187673,0.666595962,-1.214314212,0.537638592,-0.820150377,-1.192371091,-0.795288768,0.212357516,0.011749778,0.88821295,0.276608491,0.31820186,0.97954382,0.416,0.5,0.084,0.584,0.283370272,0.318982066,0.019381649,0.332896651,0.017620946,0.125533476,0.124394504,0.305922284,7.803048656,1.541011983,fri_c2_1000_5.csv,0.05,0.375,0.1,0.2,0.275
2,500,6.214608098,11,2.397895273,0,0,10,1,0.022,2,2,0,0.024000092,0.389521897,0.257505346,0.055046901,0.145278417,1.285194478,-1.304143865,0.833238183,-0.759281569,-1.203322319,-0.781877312,1.496385221,0.001132877,0.927420925,0.143726818,0.258483238,0.994406653,0.456,0.5,0.044,0.544,0.292587542,0.354998277,0.024857586,0.370143863,0.004499647,0.055889717,0.077423454,0.229341611,17.79230069,5.35176371,fri_c3_500_10.csv,0.212765957,0.191489362,0.085106383,0.319148936,0.191489362
2,3468,8.151333338,971,6.878326468,0,0,971,0,0.279988466,0,0,0,0.001735437,3.261287998,2.938375349,0.522018807,4.230908494,16.11757057,-2.000033659,39.33872765,18.62722669,-1.531957445,17.122519,283.8570439,1.06E-07,0.916683365,0.054401252,0.090493951,0.999798227,0.491637832,0.5,0.008362168,0.508362168,0.006837791,0.116602186,0.068776328,0.210488559,0.000180842,0.009336718,0.016653748,0.128026798,107.0824038,11.48856226,dataset_1038.csv,0.08992126,0.291181102,0.29007874,0.154015748,0.17480315
2,303,5.713732806,14,2.63905733,10,0.002357379,6,8,0.04620462,21,2.625,0.695970545,0.202463365,0.389291938,0.841869884,0.581499349,1.174193028,1.269719931,-0.542167141,1.664639726,1.108897571,0.015330603,1.414123318,4.505423168,0.009939839,0.398521938,0.20132785,0.118091695,0.995316129,0.459731544,0.5,0.040268456,0.540268456,0.012496794,0.141057982,0.09478345,0.351234724,0.000107149,0.054927913,0.048583433,0.145162875,18.12040682,1.568056471,heart-c.csv,0.057471264,0.195402299,0.229885057,0.275862069,0.24137931
5,294,5.683579767,14,2.63905733,0,0,14,0,0.047619048,0,0,0,0.218171498,3.127439318,2.833285143,0.640707105,4.88249493,10.08996031,-1.621549715,40.90634348,25.41648201,-0.248663027,25.12400717,111.1967728,0.001220954,0.843638297,0.136046515,0.155823878,1.640375719,0.051020408,0.2,0.221014116,0.639455782,0.014010493,0.167612341,0.098425409,0.366212962,0.001524148,0.080110013,0.075627023,0.223274996,20.47653799,1.09227705,hearth-h.csv,0.19858156,0.368794326,0.205673759,0.056737589,0.170212766
2,4229,8.349720837,1618,7.388946098,0,0,1618,0,0.382596358,0,0,0,0.008988855,3.323303004,4.99758831,2.799132291,6.558974401,22.93468996,-2.000865684,54.48307079,34.03632819,5.837941547,41.0395536,524.2479335,7.91E-07,1,0.050066117,0.078426988,0.219991095,0.035232916,0.5,0.464767084,0.964767084,0.001646929,0.028084637,0.020866939,0.083013205,1.52E-09,0.000901018,0.001483923,0.009466178,244.158485,30.16990945,hiva_agnostic.csv,0.065072141,0.333446306,0.326958458,0.134259708,0.140263387
2,500,6.214608098,6,1.791759469,52,0.017333333,2,4,0.012,17,4.25,3.34477204,0.080037427,0.183052416,0.263089843,0.171563635,0.354616051,0.446142259,-0.500796446,0.051329677,-0.449466769,-0.475131608,-0.423801931,-0.398137092,0.258156939,0.258156939,0.258156939,0,0.991301006,0.445147679,0.5,0.054852321,0.554852321,0.011018496,0.094306352,0.094155039,0.339818523,0.00092123,0.077571842,0.078099079,0.308911983,12.77913463,0.215729188,irish.csv,0.125,0.325,0.05,0.2,0.3
9,9961,9.206432747,15,2.708050201,0,0,15,0,0.001505873,0,0,0,0.072494641,0.384708062,0.319757973,0.134651182,0.32843365,1.696885642,-1.175368981,1.093222361,-0.113064639,-0.519288755,-0.149361661,3.795248194,0.005785025,0.671722465,0.21559839,0.156647936,3.132069248,0.078506174,0.111111111,0.026021092,0.162031925,0.187789914,0.203592466,0.009602323,0.221309028,0.047229382,0.244179887,0.13906444,0.49635308,12.82689286,-0.166219346,JapaneseVowels.csv,0.173913043,0.253623188,0.195652174,0.231884058,0.144927536
2,10885,9.295140974,22,3.091042453,50,0.000208794,22,0,0.00202113,0,0,0,1.552134209,11.11852794,15.18718272,9.749405781,15.66413379,46.21215121,0.409195756,737.1807299,559.973548,176.1420896,504.0145309,2765.987968,0.062026436,1,0.55148061,0.261275708,0.708304283,0.193290441,0.5,0.306709559,0.806709559,0.001181069,0.014343945,0.023786588,0.111329116,0.001151303,0.005669676,0.003627134,0.016216355,124.9285338,1.52994088,jm1.csv,0.09375,0.328125,0.322916667,0.09375,0.161458333
3,4704,8.45616849,45,3.80666249,0,0,18,27,0.009566327,75,2.777777778,2.346523565,0,0.286526575,0.226755438,0,0.341255748,0.961647999,-2.000850883,0.543314777,-1.061684469,-1.347734182,-0.712848764,-0.186642657,1.19E-19,1,0.21592631,0.291081103,1.159694074,0.03082483,0.333333333,0.218041441,0.536352041,0.000630294,0.085511663,0.079939779,0.267398264,8.26E-05,0.052197875,0.076398429,0.40732558,22.21726583,0.638221135,jungle_chess_2pcs_endgame_panther_lion.csv,0.184659091,0.289772727,0.284090909,0.110795455,0.130681818
3,44819,10.71038744,7,1.945910149,0,0,6,1,0.000156184,3,3,0,2.72E-05,0.29661648,0.209771905,2.81E-05,0.471949333,0.629250954,-1.421674194,0.071200996,-1.33447779,-1.399879644,-1.269072611,-1.247268087,2.19E-05,0.023600671,0.004192965,0.008365309,1.349109089,0.096722372,0.333333333,0.17501896,0.514558558,0.140250358,0.17454063,0.025810704,0.202521891,0.019417185,0.049842064,0.039741322,0.118119741,27.067681,2.501874049,jungle_chess_2pcs_raw_endgame_complete.csv,0.173913043,0.086956522,0.260869565,0.173913043,0.304347826
2,2109,7.65396918,22,3.091042453,0,0,22,0,0.010431484,0,0,0,1.14076585,1.982012685,4.099052939,2.628556382,4.61999867,8.78903415,1.241395021,28.58227316,30.48091671,10.23628925,35.63515514,103.0790452,0.005066557,0.999999999,0.682420852,0.243473928,0.621173342,0.154575628,0.5,0.345424372,0.845424372,0.024534071,0.083708572,0.051327648,0.217359123,0.001244769,0.037305945,0.017023063,0.070934832,16.65078699,1.243840021,dataset_1067.csv,0.256578947,0.256578947,0.256578947,0.131578947,0.098684211
2,522,6.257667588,22,3.091042453,0,0,21,1,0.042145594,2,2,0,1.046480142,4.252086526,8.953093282,6.01691908,11.59428662,16.78870524,1.991854698,87.51387014,130.1084304,45.0806143,180.3315815,321.2559116,0.129853097,0.997097626,0.77532096,0.213473241,0.731778619,0.204980843,0.5,0.295019157,0.795019157,0.008458286,0.064158943,0.061126477,0.241521233,0.012259973,0.050230004,0.031296088,0.120430049,14.56855598,0.277303165,kc2.csv,0.226027397,0.356164384,0.075342466,0.116438356,0.226027397
2,8192,9.010913347,9,2.197224577,0,0,8,1,0.001098633,2,2,0,0.001178715,0.01035676,0.009361668,0.004211997,0.007750664,0.03599927,-1.200009673,0.007237244,-1.190842727,-1.197151725,-1.187993478,-1.176474659,0.000633373,0.021221204,0.008967306,0.006524394,0.999777099,0.491210938,0.5,0.008789063,0.508789063,0.255454449,0.25547471,1.67E-05,0.255501671,0.002090862,0.021081529,0.035184674,0.112737519,47.42431595,11.11841457,kin8nm.csv,0.217821782,0.267326733,0.168316832,0.178217822,0.168316832
2,72,4.276666119,7130,8.872066513,0,0,7129,1,99.02777778,2,2,0,0.000250883,1.155864413,1.137834817,0.407540696,1.439578522,8.481298722,-1.266192542,7.680372701,3.766969533,0.332508778,3.694083571,71.95427318,2.46E-08,0.995410036,0.164218336,0.131972548,0.931562768,0.347222222,0.5,0.152777778,0.652777778,0.017113828,0.425106615,0.07180985,0.528232578,0.005528757,0.087579658,0.047096921,0.512922419,10.63674814,3.853942377,leukemia.csv,0.199090867,0.198356215,0.200812709,0.197116488,0.20462372
2,45,3.80666249,4027,8.300776961,11896,0.06564578,4026,1,89.48888889,2,2,0,0.000168857,0.440113358,0.455675928,0.163586384,0.61837013,4.787466527,-1.650469226,1.924057009,0.701743756,-0.264572809,1.051525175,28.34672181,7.69E-20,0.995694647,0.188528552,0.138012297,0.985228136,0.428571429,0.5,0.071428571,0.571428571,0.758039271,0.986048812,0.036807939,1,0.014032215,0.507320295,0.149408121,0.682908105,1.942023898,0.943641566,lymphoma_2classes.csv,0.199661044,0.199620692,0.205673473,0.203413768,0.191631023
2,19020,9.853246336,11,2.397895273,0,0,10,1,0.000578339,2,2,0,0.120121273,0.915072104,1.080248861,0.535839997,1.10391891,3.371627981,-0.533703604,5.350085293,4.273159612,-0.077084689,7.359107633,16.76540668,0.002552837,0.976411851,0.278780596,0.269828388,0.935515245,0.351629863,0.5,0.148370137,0.648370137,0.075815173,0.146535022,0.051661481,0.212565376,0.007989639,0.041668889,0.033695927,0.119451045,22.45116821,2.516652932,MagicTelescope.csv,0.289473684,0.315789474,0.131578947,0.157894737,0.105263158
2,2000,7.60090246,77,4.343805422,0,0,76,1,0.0385,2,2,0,0.022638907,0.23150228,0.551708524,0.412017592,0.710778593,1.029984873,-1.125278816,0.634308118,0.119006389,-0.151105521,0.410413419,1.994920687,2.49E-05,0.678828837,0.145890666,0.103502291,0.468995594,0.1,0.5,0.4,0.9,0.224197356,0.252185857,0.014144491,0.28821322,0.005126625,0.052909195,0.055148298,0.249042722,8.864160487,3.766390005,mfeat-fourier.csv,0.183168317,0.215346535,0.175742574,0.23019802,0.195544554
2,2000,7.60090246,7,1.945910149,0,0,6,1,0.0035,2,2,0,0.062836663,0.299112191,0.552512728,0.38295896,0.675325411,1.008483001,-1.038355802,0.378151777,-0.536236901,-0.771089969,-0.287566105,0.07949387,0.001067027,0.972609795,0.572757336,0.310414579,0.468995594,0.1,0.5,0.4,0.9,0.117227339,0.203325116,0.060629901,0.266836879,0.093743261,0.128446299,0.030132852,0.181424265,3.651297052,0.582958146,mfeat-morphological.csv,0.225806452,0.494623656,0.064516129,0.139784946,0.075268817
10,2000,7.60090246,241,5.484796933,0,0,241,0,0.1205,0,0,0,0,0.628609898,0.727499348,0.291009734,1.026908727,4.302409294,-1.918398645,1.861607606,-0.829505805,-1.769079477,-0.7018261,18.11634656,1.56E-05,0.939380604,0.171670236,0.158186417,3.321928095,0.1,0.1,0,0.1,0.048738921,0.162685097,0.026729514,0.226692528,0.028065212,0.24123384,0.08119138,0.483299893,13.77057254,-0.325612455,mfeat-pixel.csv,0.125517241,0.251034483,0.304827586,0.140689655,0.177931034
2,15545,9.651494322,5,1.609437912,0,0,5,0,0.000321647,0,0,0,0.274164555,2.092748156,1.743808199,0.675667205,1.146669544,5.892621234,-1.925081492,21.84710384,9.920133225,-1.467407861,0.199651652,53.59095017,0.025714401,0.766898766,0.238305472,0.208237759,0.913483831,0.328594403,0.5,0.171405597,0.671405597,0.03959158,0.127491705,0.074457969,0.219726249,0.017141984,0.069242936,0.074082845,0.196140907,13.19244801,0.84122327,mozilla4.csv,0.05,0.375,0.3,0.05,0.225
2,699,6.549650742,10,2.302585093,32,0.004577969,9,1,0.014306152,2,2,0,0.592858533,0.797355247,1.477488667,1.099969082,1.524468091,3.560657844,-0.798844135,3.967542937,1.684115096,0.00701098,0.98794707,12.65787807,0.339210436,0.906881913,0.601652224,0.13058867,0.934002659,0.349926794,0.5,0.150073206,0.650073206,0.12000078,0.239902725,0.054126776,0.323881852,0.146918273,0.361934376,0.094794382,0.486819936,2.580585655,-0.337165131,openml_phpJNxH0q.csv,0.242038217,0.47133758,0.050955414,0.101910828,0.133757962
7,101,4.615120517,18,2.890371758,0,0,16,2,0.178217822,107,53.5,46.5,0.139427102,0.849683917,1.062819294,0.33623394,1.580655357,3.16342797,-1.990335817,2.564752184,-0.062959059,-1.894452789,0.513578053,8.168668249,0.003251785,0.938847874,0.262398352,0.205185437,2.390559682,0.03960396,0.142857143,0.118204144,0.405940594,0.012035672,0.028854392,0.045998447,0.305459109,0.008998782,0.069820792,0.158757847,0.944792118,34.23850699,-0.586736393,openml_phpZNNasq.csv,0.205741627,0.373205742,0.119617225,0.167464115,0.133971292
2,418,6.035481433,19,2.944438979,2478,0.312012088,18,1,0.045454545,2,2,0,0.02576718,1.167293366,1.607729973,0.485647165,2.522313188,3.408525856,-2.012276753,5.167304436,4.258104391,-0.606504603,8.191732578,14.33786987,6.01E-05,0.585730972,0.171611248,0.120605713,0.996929708,0.467391304,0.5,0.032608696,0.532608696,0.044592817,0.202672653,0.097579384,0.373180731,3.37E-05,0.037965634,0.023421942,0.104431135,26.25873983,4.338318667,pbc.csv,0.190839695,0.435114504,0.160305344,0.122137405,0.091603053
2,1109,7.011213987,22,3.091042453,0,0,22,0,0.019837692,0,0,0,2.172210813,4.01125591,7.798682269,5.578880136,8.365374505,18.55022107,9.525507412,104.8816105,111.2034727,55.34376168,109.325827,410.4883867,0.00470629,1,0.592636802,0.251578403,0.363800105,0.069431921,0.5,0.430568079,0.930568079,0.008545572,0.051777887,0.031159826,0.159593871,0.003642259,0.013649019,0.006145072,0.024857755,26.6539389,2.793524556,pc1.csv,0.223684211,0.401315789,0.111842105,0.125,0.138157895
2,1563,7.35436233,38,3.63758616,0,0,38,0,0.02431222,0,0,0,0.014175893,8.197661618,10.17706873,2.64765335,15.86335845,30.48899352,-1.482237026,268.2429138,232.7947893,9.935808669,391.7394038,1039.338007,0.001011808,1,0.39013884,0.300372134,0.476454971,0.102367242,0.5,0.397632758,0.897632758,0.002786116,0.072073341,0.077739715,0.260902811,0.00024333,0.00850625,0.011179748,0.049765472,56.01234064,7.472986528,pc3.csv,0.112068966,0.327586207,0.232758621,0.112068966,0.215517241
2,1458,7.284820913,38,3.63758616,0,0,38,0,0.0260631,0,0,0,0.074381718,5.052504489,6.365773094,2.747380232,9.374688293,25.48385198,-1.51095303,148.2073174,102.4097401,9.501641815,160.1351819,771.6332888,0.000247693,1,0.34003573,0.242519502,0.535324722,0.122085048,0.5,0.377914952,0.877914952,0.004156884,0.087498293,0.075037866,0.259184512,0.001199373,0.013982659,0.016606453,0.06848482,38.28490278,5.257629241,pc4.csv,0.212121212,0.352272727,0.21969697,0.121212121,0.09469697
2,10992,9.304923014,17,2.833213344,0,0,16,1,0.001546579,2,2,0,0.026173225,0.413857703,0.508994809,0.172364489,0.768833119,1.491182875,-1.685793174,1.111268282,-0.501042936,-1.093255284,-0.441982624,3.050747285,0.000831523,0.857204862,0.271195212,0.203462464,0.481783666,0.104075691,0.5,0.395924309,0.895924309,0.155344747,0.2166896,0.026447123,0.243627099,0.017560646,0.061861219,0.029276623,0.120342847,7.788137304,2.502834305,pendigits.csv,0.111111111,0.581196581,0.085470085,0.094017094,0.128205128
100,1600,7.377758908,65,4.17438727,0,0,65,0,0.040625,0,0,0,0,0.717279102,1.3695374,0.619762777,2.006993106,2.306827119,-1.200239835,2.500131536,3.726377531,1.042001335,5.429232026,8.411753129,0.000716431,0.993847576,0.680800259,0.247789286,6.64385619,0.01,0.01,1.73E-18,0.01,0.183820943,0.212938899,0.014831451,0.238114267,0.109422416,0.154629806,0.016714916,0.18572844,42.96620659,0.377088313,php0FyS2T.csv,0.097130243,0.161147903,0.527593819,0.090507726,0.123620309
22,149332,11.91392729,5,1.609437912,0,0,5,0,3.35E-05,0,0,0,0.297568358,0.40676018,0.666755451,0.326514819,1.103307909,1.219965155,-1.398884792,1.307393346,0.893688113,0.291693307,1.78022111,2.148759314,0.004827538,0.342170304,0.119576611,0.10348577,3.991583886,0.006100501,0.045454545,0.039585912,0.147262476,0.098603105,0.120201273,0.02659154,0.165574509,0.044006813,0.14974647,0.08879737,0.289918506,26.65561259,-0.197301456,php3CTpvq.csv,0.303030303,0.212121212,0.03030303,0.242424242,0.212121212
2,1212,7.100027167,101,4.615120517,0,0,101,0,0.083333333,0,0,0,0,0.301809817,2.974927018,2.969064645,3.031410713,3.168396078,-2.003308519,1.261773522,9.472586913,9.215259777,9.889145099,11.46910876,0.014234487,0.998380527,0.972922761,0.134207324,1,0.5,0.5,0,0.5,0.097540531,0.114622118,0.004158082,0.12080421,0.002004592,0.005216282,0.001690162,0.010512189,191.7074365,20.97391246,php3isjYz.csv,0.101278269,0.014749263,0.776794494,0.052114061,0.055063913
2,601,6.398594935,7,1.945910149,0,0,7,0,0.011647255,0,0,0,0.002981029,0.229233756,0.102905766,0.004729932,0.016832637,0.664225715,-2.006677796,0.245941145,-1.630073561,-1.785304253,-1.488321542,-1.345939432,0.00283879,0.08820186,0.024383875,0.022558188,0.927437318,0.342762063,0.5,0.157237937,0.657237937,0.108326082,0.158043085,0.038574975,0.216588185,5.43E-05,0.002517542,0.001582214,0.004742612,368.389938,61.77673002,php4fATLZ.csv,0.113043478,0.47826087,0.217391304,0.034782609,0.156521739
2,195,5.272999559,23,3.135494216,0,0,23,0,0.117948718,0,0,0,0.033213661,1.198657312,1.696936189,0.553027481,2.633558959,4.220709129,-0.921780978,6.297192562,5.253227796,0.085067462,11.01616545,21.99497411,0.002281231,0.999999964,0.487687989,0.294285919,0.805125007,0.246153846,0.5,0.253846154,0.753846154,0.135094935,0.308615354,0.074198949,0.417962077,0.014696722,0.113793969,0.051430263,0.22857101,7.075287173,1.712053704,php4ylQmK.csv,0.147058824,0.268907563,0.159663866,0.197478992,0.226890756
2,1372,7.224024808,5,1.609437912,0,0,5,0,0.003644315,0,0,0,0.149387701,0.400354043,0.575498724,0.223190857,1.022243044,1.088568544,-1.95303496,1.100408011,-0.274771239,-0.751581381,0.497495756,1.270475916,0.023423679,0.786895224,0.390258697,0.226767597,0.991128126,0.444606414,0.5,0.055393586,0.555393586,0.263549489,0.278333385,0.013611026,0.294118413,0.011638394,0.15827012,0.13211189,0.355704024,6.262256755,0.758597176,php50jXam.csv,0.060606061,0.424242424,0.03030303,0.272727273,0.212121212
4,63,4.143134726,32,3.465735903,0,0,29,3,0.507936508,14,4.666666667,1.699673171,0.045888166,1.510890375,1.316087036,0.387750206,1.816042864,6.088530754,-1.720540781,10.52068243,4.699822484,-0.359921598,4.422846583,42.42339848,7.09E-18,0.77911506,0.213012165,0.155224135,1.312838536,0.015873016,0.25,0.233925121,0.603174603,0.098986962,0.331801662,0.16135747,0.53362311,0.016395946,0.139044957,0.090317138,0.335288802,9.441827793,1.386290522,php5J5AK6.csv,0.238738739,0.22972973,0.148648649,0.112612613,0.27027027
30,1000,6.907755279,24,3.17805383,0,0,23,1,0.024,1000,1000,0,0,0.983937965,0.998170968,0.352155408,1.169839371,3.987766326,-2.004012036,6.361878725,2.910074878,-0.114313147,2.481207879,27.66141367,2.62E-17,0.997223444,0.191729844,0.175672682,4.648562076,0.006,0.033333333,0.020522075,0.08,0.001144692,0.006262457,0.035646705,0.333333333,0.001689607,0.009229962,0.081568859,1.827244594,503.6382683,-0.321507834,php5OMDBD.csv,0.240963855,0.319277108,0.024096386,0.313253012,0.102409639
7,1941,7.570958583,28,3.33220451,0,0,27,1,0.014425554,7,7,0,0.056305677,8.408905044,3.903780596,0.356835558,2.509052022,39.29315841,-1.856356413,339.6708935,109.5860368,-1.111334472,9.607807032,1663.051848,0.004506931,1,0.245368636,0.225642135,2.410690442,0.028335909,0.142857143,0.106384838,0.34672849,0.00058323,0.172381104,0.092285661,0.295930452,0.000826004,0.203560686,0.117425956,0.42627621,11.84261306,-0.153170944,php5s7Ep8.csv,0.151162791,0.441860465,0.220930233,0.139534884,0.046511628
2,1000,6.907755279,21,3.044522438,0,0,20,1,0.021,2,2,0,0.016024559,0.403500707,0.344878408,0.073159181,0.371829449,1.360946158,-2.003754735,0.518697367,-1.721693461,-1.998621809,-1.865206059,-0.14812581,0.000336156,0.565846243,0.039626417,0.06014293,0.825233607,0.259,0.5,0.241,0.741,0.076094094,0.096250564,0.007132696,0.100338699,2.00E-05,0.002596579,0.003726052,0.010190503,317.8157506,36.06822512,php7KLval.csv,0.060209424,0.458115183,0.319371728,0.094240838,0.068062827
10,2126,7.661997559,36,3.583518938,0,0,36,0,0.016933208,0,0,0,0.011828576,3.27178197,2.480716459,0.553000386,3.395052219,17.35345686,-1.366059124,51.31716045,17.21337224,-0.354764775,15.00299998,299.4241425,6.90E-05,1,0.167965692,0.166322372,2.913356388,0.024929445,0.1,0.077861051,0.272342427,0.002885377,0.145058472,0.098023699,0.283788976,0.008035038,0.243779759,0.144293671,0.585574777,11.95077229,-0.404960967,php9HX2u8.csv,0.16,0.38,0.252,0.064,0.144
2,1941,7.570958583,34,3.526360525,0,0,34,0,0.017516744,0,0,0,0.056305677,7.546650571,3.686693504,0.416711735,2.811202122,39.29315841,-1.856356413,305.448941,88.90425567,-1.069307786,10.48250031,1663.051848,0.000397046,1,0.211116186,0.20129225,0.931112335,0.34672849,0.5,0.15327151,0.65327151,0.00058323,0.148654307,0.097836531,0.295930452,2.84E-05,0.028397316,0.025045417,0.102059456,32.78874461,4.234801336,php9xWOpn.csv,0.099502488,0.360696517,0.313432836,0.141791045,0.084577114
2,123,4.812184355,40,3.688879454,0,0,39,1,0.325203252,2,2,0,0.554196226,0.827133048,2.177182382,1.622675116,2.68146648,3.730678955,-0.751552546,4.306357492,6.131916755,2.688884607,8.753565792,15.63215306,0.000265803,1,0.505805313,0.344727671,0.557661111,0.130081301,0.5,0.369918699,0.869918699,0.068256533,0.284971763,0.076417938,0.435421793,0.012556153,0.062774219,0.02425407,0.109494771,8.88360092,3.539630551,phpajta2z.csv,0.144032922,0.275720165,0.127572016,0.197530864,0.255144033
2,540,6.29156914,38,3.63758616,1152,0.056140351,24,14,0.07037037,533,38.07142857,109.8345927,0.082310443,2.32896593,1.576644459,0.379002554,1.668773128,11.52952454,-1.751947354,27.34305434,8.818252878,0.315769318,4.74913955,137.5773376,0.00013788,0.863176321,0.087778537,0.104952551,0.95260921,0.37254902,0.5,0.12745098,0.62745098,0.003277017,0.023220436,0.061797161,0.36017333,2.83E-05,0.003959217,0.007537105,0.07582507,240.6054279,4.864905454,phpAz9Len.csv,0.253968254,0.197278912,0.238095238,0.099773243,0.210884354
11,5500,8.612503371,41,3.713572067,0,0,41,0,0.007454545,0,0,0,0,0.739207869,0.61773473,0.176084313,0.680554133,2.66885068,-1.220018114,3.494457915,1.139155714,-0.631512854,1.058631555,11.44861121,0.00052132,1,0.710684904,0.208134826,3.459431619,0.090909091,0.090909091,0,0.090909091,0.135066189,0.20183627,0.028335331,0.242448667,0.172930673,0.68120748,0.221952922,1.004510134,5.07838173,-0.703708083,phpBDgUyY.csv,0.154185022,0.145374449,0.471365639,0.123348018,0.105726872
2,267,5.587248658,45,3.80666249,0,0,45,0,0.168539326,0,0,0,0.882105633,0.56888214,1.757005887,1.246853175,2.216635153,3.120964809,0.138956042,3.815444676,5.107716073,2.458231843,6.717909756,16.90715418,5.53E-05,0.890051581,0.285281303,0.186062739,0.733752409,0.205992509,0.5,0.294007491,0.794007491,0.21437339,0.293281378,0.032130143,0.346453348,0.007839239,0.041838938,0.023592003,0.105139643,17.53754852,6.009771063,phpBG0Qsi.csv,0.215753425,0.29109589,0.126712329,0.178082192,0.188356164
2,4839,8.484463367,6,1.791759469,0,0,6,0,0.001239926,0,0,0,0.18513983,2.916016057,3.719878458,1.189302606,6.384945749,7.731518525,-0.015316502,47.07040863,42.27535631,9.036951758,76.00853896,119.739435,0.000914701,0.964849433,0.180893917,0.222162631,0.302890317,0.053936764,0.5,0.446063236,0.946063236,0.028025651,0.097494828,0.05775547,0.174683182,0.002846704,0.005870872,0.00342325,0.012056477,51.59204932,15.60653271,phpcSeK3V.csv,0.015625,0.21875,0.34375,0.296875,0.125
100,1600,7.377758908,65,4.17438727,0,0,65,0,0.040625,0,0,0,0,1.777655671,2.18857566,1.155694633,2.656790041,12.44911358,-1.200239835,24.43729265,10.36638403,1.231645501,7.970634188,182.3683991,0.000335932,0.873386388,0.25486869,0.182424326,6.64385619,0.01,0.01,1.73E-18,0.01,0.013110764,0.174955885,0.059664648,0.250411639,0.021486159,0.11694309,0.042710029,0.20977637,56.81272999,0.496077154,phpCsX3fx.csv,0.139072848,0.229580574,0.454746137,0.028697572,0.14790287
11,990,6.897704943,13,2.564949357,0,0,10,3,0.013131313,28,9.333333333,5.436502143,0.005957425,0.118538945,0.140898221,0.045539463,0.228218498,0.357060422,-0.762139518,0.259643767,-0.391427215,-0.492786539,-0.27608401,0.15243688,0.027340596,0.53481731,0.21129965,0.152454236,3.459431619,0.090909091,0.090909091,0,0.090909091,0.035508916,0.135298159,0.121465159,0.304900592,0,0.107386559,0.175832739,0.650441348,32.21475444,0.259917077,phpd8EoD9.csv,0.232142857,0.178571429,0.107142857,0.160714286,0.321428571
2,64,4.158883083,4703,8.455955882,0,0,4703,0,73.484375,0,0,0,0,2.168495156,6.393115392,5.518346671,8,8,-2.06557377,24.03243102,44.97961359,29.36940687,64,64,0.001042898,1,0.067385316,0.143676744,0.993650712,0.453125,0.5,0.046875,0.546875,0.019352513,0.035566828,0.029067364,0.166666667,8.45E-07,0.016213641,0.019377962,0.282711763,61.2848606,1.1936361,phpdo58hj.csv,0.197798764,0.196028054,0.200194431,0.204846886,0.201131866
2,2534,7.837554361,73,4.290459441,0,0,73,0,0.028808208,0,0,0,0.000118853,0.898933975,0.783119168,0.434628622,0.809274909,7.376460912,-0.976533196,9.080850707,1.622311757,-0.258184521,1.059714809,77.6589871,0.000141842,0.99803732,0.347782197,0.301705264,0.339790425,0.063141279,0.5,0.436858721,0.936858721,0.035765594,0.234104275,0.031751912,0.284098047,0.002263983,0.017987577,0.010301632,0.041611018,18.89028283,12.01477507,phpdReP6S.csv,0.221719457,0.162895928,0.389140271,0.076923077,0.149321267
2,64,4.158883083,3722,8.222016437,0,0,3722,0,58.15625,0,0,0,0,2.30692894,6.266487609,4.391076678,8,8,-2.06557377,24.86427893,43.96436373,17.83828489,64,64,0.000977517,1,0.072498465,0.147793388,0.993650712,0.453125,0.5,0.046875,0.546875,0.019352513,0.038104128,0.032887448,0.166666667,8.45E-07,0.016606646,0.02132779,0.363720036,59.83452088,1.294510781,phpEZ030X.csv,0.194741604,0.199425196,0.210601948,0.198174464,0.197056789
2,440,6.086774727,9,2.197224577,0,0,7,2,0.020454545,5,2.5,0.5,1.28362693,2.977284786,4.596793718,3.074375721,4.980870271,11.15158648,-0.100110835,54.3658349,43.05915002,15.27293641,39.67933922,170.6949393,0.001482686,0.924640691,0.221452557,0.258166824,0.907322645,0.322727273,0.5,0.177272727,0.677272727,0.03687654,0.107442424,0.042411179,0.180051904,0.000536357,0.071124749,0.10055358,0.263917896,12.75677814,0.510619375,phpfKh1CO.csv,0.373333333,0.253333333,0.08,0.133333333,0.16
30,340,5.828945618,16,2.772588722,0,0,16,0,0.047058824,0,0,0,0.079427939,1.035165895,1.344382525,0.473708212,2.077292092,3.325115517,-1.199664655,4.159660368,2.640037139,-0.571308782,4.327569158,11.96978384,0.001563291,0.979564176,0.292653221,0.297357898,4.892179818,0.023529412,0.033333333,0.004762729,0.047058824,0.110905185,0.282420353,0.087857891,0.382146021,0.051388238,0.312562242,0.136645953,0.603744928,15.65185795,-0.096434839,phpflaNJC.csv,0.127388535,0.337579618,0.261146497,0.146496815,0.127388535
30,340,5.828945618,16,2.772588722,0,0,16,0,0.047058824,0,0,0,0.079427939,1.035165895,1.344382525,0.473708212,2.077292092,3.325115517,-1.199664655,4.159660368,2.640037139,-0.571308782,4.327569158,11.96978384,0.001563291,0.979564176,0.292653221,0.297357898,4.892179818,0.023529412,0.033333333,0.004762729,0.047058824,0.110905185,0.282420353,0.087857891,0.382146021,0.051388238,0.312562242,0.136645953,0.603744928,15.65185795,-0.096434839,phpflaNJC.csv,0.127388535,0.337579618,0.261146497,0.146496815,0.127388535
2,937,6.842683282,49,3.891820298,0,0,48,1,0.052294557,2,2,0,0.030372387,5.112227928,4.035792712,0.927714064,5.547702634,21.51260955,-1.44472161,103.0244688,51.70561685,0.111825554,51.29370533,535.499416,3.05E-05,0.999246907,0.261165378,0.243149706,0.259258874,0.04375667,0.5,0.45624333,0.95624333,0.004675263,0.17628651,0.108204749,0.322947821,2.64E-07,0.009324939,0.010872637,0.064914673,27.80274139,17.90484273,phpgEDZOc.csv,0.262857143,0.277142857,0.145714286,0.18,0.134285714
2,462,6.135564891,10,2.302585093,0,0,10,0,0.021645022,0,0,0,0.214645929,0.707157112,0.972543229,0.355261881,1.279975641,2.312698937,-1.890073375,2.827640262,1.458218869,-0.936781413,2.721407612,6.421109969,0.01460788,0.71655625,0.200274347,0.154743291,0.930738811,0.346320346,0.5,0.153679654,0.653679654,0.110638013,0.263424723,0.077115024,0.366675157,0.005285033,0.033906259,0.024463533,0.090289612,27.45035373,6.769206299,phpgNaXZe.csv,0.147058824,0.544117647,0.220588235,0.029411765,0.058823529
20,45781,10.73162444,4,1.386294361,0,0,4,0,8.74E-05,0,0,0,0.001229097,0.14207808,0.105343506,0.006445818,0.135084372,0.347771559,-1.233011763,0.118715742,-1.142951537,-1.208390508,-1.134631484,-0.938653475,0.001001382,0.091884975,0.017941569,0.033108846,4.245430966,0.030514842,0.05,0.015768661,0.063476115,0.213808261,0.214304996,0.000351245,0.214554013,0.000786558,0.460224922,0.649527956,1.37879615,9.224687241,-0.53434726,phpGReJjU.csv,0.1,0.2,0.033333333,0.233333333,0.433333333
2,1055,6.961296046,42,3.737669618,0,0,42,0,0.039810427,0,0,0,0.043856995,4.5210087,3.941794657,1.522190338,5.392615539,26.84598324,-1.528771793,125.0378562,43.61223726,3.186999742,40.52988388,812.7240264,0.00017294,0.92264945,0.166373688,0.17641164,0.922348606,0.337440758,0.5,0.162559242,0.662559242,0.003886316,0.129108021,0.083509711,0.264626008,0.001564413,0.037636517,0.031107258,0.106969734,24.50674698,2.430392343,phpGUrE90.csv,0.26369863,0.284246575,0.133561644,0.164383562,0.154109589
3,52,3.951243719,25,3.218875825,14,0.010769231,23,2,0.480769231,6,3,0,0.01768291,0.301311419,0.505538176,0.272123346,0.628261889,1.172572856,-1.108307483,0.526517369,-0.312285597,-0.708866171,-0.065816728,1.241216285,0.003662099,0.993590069,0.397469808,0.262840308,1.474309555,0.16,0.333333333,0.122565175,0.42,0.156150488,0.481925043,0.121526364,0.565303274,0.064426407,0.282560315,0.114668148,0.537339607,5.217680885,0.70556521,phpH2fvsy.csv,0.220779221,0.324675325,0.194805195,0.155844156,0.103896104
2,245057,12.40924612,4,1.386294361,0,0,4,0,1.63E-05,0,0,0,0.037671448,0.522474251,0.611098059,0.266410273,0.826889644,1.442317071,-0.915471161,0.396872714,-0.575317177,-0.877533617,-0.430821928,0.080279189,0.092030092,0.85525042,0.465673415,0.276966399,0.736753128,0.20753947,0.5,0.29246053,0.79246053,0.164478081,0.170491639,0.004782383,0.176178833,0.069621737,0.127027169,0.070477205,0.226292034,5.799964963,0.342166728,phphQEck0.csv,0.038461538,0.153846154,0.192307692,0.153846154,0.461538462
6,105,4.65396035,13,2.564949357,76,0.055677656,4,9,0.123809524,132,14.66666667,31.95830617,0.14569785,0.685773214,0.840323851,0.188763643,1.391284251,1.736149469,-0.938347096,1.746307766,0.795900841,-0.53561465,1.603976473,3.577028497,0.028213608,0.678183309,0.236035073,0.207316956,2.46074813,0.111111111,0.166666667,0.075648771,0.333333333,0.017113828,0.053679208,0.088018928,0.517096935,0.01545506,0.071201104,0.115938361,0.695197703,34.56053315,-0.246090241,phpjuWdq9.csv,0.08974359,0.384615385,0.179487179,0.102564103,0.243589744
2,45211,10.7190957,17,2.833213344,0,0,8,9,0.000376015,44,4.888888889,3.871389198,0.093079014,13.01669759,8.003352991,1.958814817,5.764064706,41.84645447,-1.059897373,1481.33223,589.3614729,2.840749005,64.62512476,4506.86066,0.001203057,0.454819635,0.070503236,0.106623514,0.520631221,0.116984805,0.5,0.383015195,0.883015195,0.000397596,0.037196629,0.035781835,0.209985541,3.55E-08,0.00408232,0.00783511,0.046046869,127.5331788,8.111640231,phpkIxskf.csv,0.264150943,0.283018868,0.169811321,0.075471698,0.20754717
6,105,4.65396035,13,2.564949357,28,0.020512821,2,11,0.123809524,139,12.63636364,29.22723738,0.14569785,0.565315665,0.711013514,0.428355682,0.993671346,1.276329179,-0.938347096,0.94231978,0.003972684,-0.467187206,0.475132574,0.946292465,0.146959381,0.146959381,0.146959381,0,2.359008317,0.097826087,0.166666667,0.103435525,0.391304348,0.013260273,0.040927032,0.062481243,0.496541218,0.010291678,0.053583195,0.085921535,0.462036909,44.02515222,-0.236196499,phplVyjYQ.csv,0.168316832,0.198019802,0.207920792,0.128712871,0.297029703
9,1080,6.98471632,857,6.753437919,0,0,857,0,0.793518519,0,0,0,0,9.968755618,23.13535465,14.61498529,32.86335345,32.86335345,-1.259416834,423.0258729,635.7164813,211.9903671,1080,1080,1.53E-20,1,0.009761807,0.051219957,3.169925001,0.111111111,0.111111111,0,0.111111111,0.001058429,0.005089757,0.009943984,0.119725971,0.002037907,0.011368802,0.02721361,0.262624442,278.8266546,-0.552304909,phpmcGu2X.csv,0.031570382,0.30187144,0.35280716,0.154759967,0.15899105
2,11183,9.322150047,7,1.945910149,0,0,6,1,0.00062595,2,2,0,0.197214832,3.1858743,4.443275632,1.600001369,6.910372554,8.893965954,-1.805467724,65.04550198,62.75332612,4.875349324,116.3161676,163.3464964,0.005884811,0.867820715,0.243972595,0.216980954,0.15931642,0.023249575,0.5,0.476750425,0.976750425,0.010215005,0.06583609,0.054809857,0.153543683,0.000439566,0.013692669,0.012924033,0.031296937,11.63516195,3.808126905,phpn1jVwe.csv,0.191489362,0.319148936,0.234042553,0.127659574,0.127659574
5,2800,7.937374696,27,3.295836866,0,0,27,0,0.009642857,0,0,0,0.676694695,9.862817581,6.729253111,2.113901863,8.138133504,52.91502622,-1.366276092,524.8718536,146.4811482,4.802363042,64.27788472,2800,3.15E-10,0.996229374,0.065861663,0.122512983,1.527663141,0.011071429,0.2,0.212776351,0.582857143,0.00040213,0.046376701,0.048428118,0.17180089,0.00046077,0.025644132,0.02424637,0.082151899,59.5716463,0.808472285,phpNevWWL.csv,0.213675214,0.243589744,0.277777778,0.115384615,0.14957265
4,155,5.043425117,9,2.197224577,0,0,5,4,0.058064516,31,7.75,7.660776723,0.21627533,0.12105279,0.319541085,0.217030569,0.333716074,0.544841169,-1.281026809,0.340774159,-0.871941488,-1.121460106,-0.7603515,-0.291058246,0.007492524,0.802203878,0.184655378,0.218363709,1.924028358,0.122580645,0.25,0.075840761,0.316129032,0.01893902,0.098353654,0.114483569,0.427689952,0.006890182,0.044550833,0.047339576,0.207049891,43.18725933,1.207672644,phpnYQXoc.csv,0.131147541,0.508196721,0.147540984,0.06557377,0.147540984
2,583,6.368187186,11,2.397895273,0,0,10,1,0.018867925,2,2,0,0.029385313,3.268172949,3.128193782,0.451039088,4.621882095,10.54617722,-1.106734712,44.63445267,26.92719523,-0.232668959,32.31105075,150.9198836,0.000138741,0.87461793,0.198575595,0.202131456,0.864090427,0.2864494,0.5,0.2135506,0.7135506,0.032735699,0.161572983,0.104631113,0.321147135,0.003306709,0.021602559,0.013704651,0.045319665,39.99944749,6.479344592,phpOJxGL9.csv,0.373333333,0.2,0.2,0.066666667,0.16
100,1599,7.377133713,65,4.17438727,0,0,65,0,0.040650407,0,0,0,6.00E-05,1.484095519,3.094662501,2.239841642,3.537190405,8.900152681,-1.200158309,17.84899519,15.432055,6.279053983,15.07929671,119.5265582,1.45E-05,0.806503954,0.157866633,0.134210563,6.64382767,0.009380863,0.01,6.22E-05,0.010006254,0.02526221,0.118670837,0.042238336,0.220870503,0.031357191,0.070179116,0.022466959,0.139345513,94.6695839,0.690970823,phpoOxxNn.csv,0.113500597,0.280764636,0.463560335,0.064516129,0.077658303
2,1212,7.100027167,101,4.615120517,0,0,101,0,0.083333333,0,0,0,0.019827498,0.321371441,3.204187571,3.204321339,3.253892781,3.378216031,-2.00291474,1.389278971,10.88442484,10.65774739,11.15524057,12.66635377,0.023627022,0.999999254,0.976286395,0.134421431,0.999929285,0.495049505,0.5,0.004950495,0.504950495,0.090190276,0.103380464,0.005014788,0.108161905,0.002032417,0.004700733,0.001315487,0.008754455,212.7177207,20.99241181,phpoW7Dbi.csv,0.053900709,0.070921986,0.741843972,0.042553191,0.090780142
6,6118,8.718990525,52,3.951243719,0,0,52,0,0.00849951,0,0,0,0.117725009,10.97916119,7.577034525,1.383245945,8.718971067,53.78484492,-1.339626417,579.4531298,223.7768193,1.307795971,99.66832517,2944.652532,8.70E-05,1,0.230901588,0.216027758,2.300007058,0.079437725,0.166666667,0.116274882,0.417456685,0.000338403,0.096173443,0.078353839,0.241759011,0.00028565,0.024984894,0.01843798,0.063113567,92.05590513,2.849263552,phpPbCMyg.csv,0.17721519,0.221518987,0.32278481,0.14556962,0.132911392
10,10218,9.23190615,8,2.079441542,0,0,8,0,0.000782932,0,0,0,0.124699906,0.389774638,0.60522556,0.310843282,0.783873134,1.415747633,-1.263497075,0.678427222,-0.192256154,-0.537123824,-0.078462525,1.250355872,0.003247957,0.628901588,0.237732058,0.151548743,3.284826011,0.058719906,0.1,0.022310894,0.138578978,0.139714185,0.193167648,0.025607095,0.222797486,0.042871821,0.145916813,0.057327699,0.224097483,22.5116349,0.323820367,phpPQrHPH.csv,0.038461538,0.461538462,0.307692308,0.038461538,0.153846154
3,160,5.075173815,5,1.609437912,0,0,5,0,0.03125,0,0,0,0.340044784,0.146178575,0.53289728,0.36835919,0.652027475,0.652027475,-1.488796554,0.415105072,-0.819271224,-1.127203651,-0.493451971,-0.493451971,0.013581129,0.414111706,0.145022243,0.165634189,1.515465636,0.19375,0.333333333,0.098733297,0.40625,0.210706037,0.237290696,0.01534866,0.246152248,0.004490318,0.144123671,0.080667942,0.194941069,10.51503636,0.646438054,phpRql5hp.csv,0.212121212,0.303030303,0.181818182,0.060606061,0.242424242
3,36,3.583518938,22,3.091042453,0,0,20,2,0.611111111,7,3.5,0.5,0.207875328,0.487268313,0.646845243,0.301181504,0.748515474,2.223362481,-1.11257743,1.494671862,0.208052006,-0.691689733,0.423085385,5.790817854,0.001326604,0.829300436,0.295313443,0.202461455,1.584962501,0.333333333,0.333333333,0,0.333333333,0.147817329,0.485773683,0.158098834,0.605485777,0.004629033,0.3502641,0.172329417,0.814520381,4.525049809,0.386878308,phpSF8oeR.csv,0.22556391,0.240601504,0.172932331,0.142857143,0.218045113
10,500,6.214608098,8,2.079441542,0,0,8,0,0.016,0,0,0,0.057902024,0.463588961,0.749493667,0.411706954,1.027948036,1.653296331,-1.87275954,0.782263091,-1.123354421,-1.606962808,-0.94673159,0.736318023,0.021582594,0.398533106,0.167336556,0.10202365,3.312307702,0.074,0.1,0.011313708,0.114,0.076338309,0.0979936,0.010453809,0.108914116,0.18671825,0.292545699,0.067490983,0.385980098,11.32235994,-0.665031478,phpSj3fWL.csv,0.115384615,0.384615385,0.192307692,0.192307692,0.115384615
5,403,5.998936562,6,1.791759469,0,0,6,0,0.014888337,0,0,0,0.019297889,0.248399092,0.431908586,0.256466671,0.628737111,0.697347593,-1.199384801,0.458377515,-0.654457067,-1.082410665,-0.216164251,-0.08953198,0.039283043,0.59454685,0.168350133,0.135278352,2.047102062,0.05955335,0.2,0.114785123,0.320099256,0.345413796,0.361378027,0.010982172,0.377020079,0.142687996,0.313472137,0.298903759,0.910510324,6.530411544,0.15282344,phpSOw1Kl.csv,0.425,0.1,0.2,0.05,0.225
2,182,5.204006687,13,2.564949357,0,0,13,0,0.071428571,0,0,0,0.078097636,0.267082579,0.333692193,0.111755101,0.463031574,0.956585362,-1.097122905,0.772808152,0.413422968,0.118875869,0.76563054,1.833452001,5.21E-05,0.988773973,0.179454531,0.238982028,0.863120569,0.285714286,0.5,0.214285714,0.714285714,0.348629948,0.377827332,0.019558876,0.41906339,0.008626724,0.020405127,0.010785939,0.046249366,42.29920152,17.5162943,phpSRnbqC.csv,0.21,0.24,0.35,0.08,0.12
10,360,5.886104031,1088,6.992096427,0,0,1088,0,3.022222222,0,0,0,0,4.722315681,8.180354962,4.656027962,10.6700492,18.97366596,-1.224563745,102.2498496,95.88914849,24.28051019,127.2183653,360,5.55E-08,1,0.069283244,0.114060822,3.321928095,0.1,0.1,0,0.1,0.003249043,0.056196639,0.044018035,0.253004637,0.006431151,0.117651052,0.100586579,0.518637127,28.23543047,-0.522344779,phpSZJq5T.csv,0.06804095,0.267010237,0.321888711,0.174524688,0.168535413
2,661,6.49375384,38,3.63758616,0,0,37,1,0.057488654,2,2,0,0.059326481,3.43424724,5.665403134,2.79431553,7.541185593,14.48506828,-1.235243382,62.44719777,62.66822098,12.65042028,94.32456843,257.2964519,0.000496246,1,0.469316776,0.336997926,0.397470755,0.078668684,0.5,0.421331316,0.921331316,0.014613056,0.111732861,0.083224656,0.322137743,0.006005652,0.02016508,0.01110269,0.058933163,19.7108447,4.540908471,phptbYBGx.csv,0.16112532,0.179028133,0.337595908,0.104859335,0.217391304
10,1593,7.37337431,257,5.549076085,0,0,257,0,0.161330822,0,0,0,0.003740379,0.552535077,0.853531832,0.463058859,1.099736335,4.646599171,-2.000995594,1.763619043,-0.964361773,-1.78274828,-0.791575388,19.61550943,3.28E-06,0.808770744,0.096753326,0.10616584,3.32181949,0.097300691,0.1,0.001225312,0.101694915,0.023122305,0.082256636,0.011021344,0.093981099,0.020122634,0.102831286,0.05343898,0.336409044,32.30358808,-0.200081614,phptd5jYj.csv,0.071151358,0.344113842,0.275549806,0.165588616,0.143596378
7,4898,8.496582238,12,2.48490665,0,0,12,0,0.00244998,0,0,0,0.155796398,1.225843691,1.20503485,0.479952131,1.313126529,5.023330683,-0.69842533,10.06933041,6.495411033,0.561583663,7.07962722,37.56459971,0.000617796,0.838966455,0.174370426,0.178718121,1.861714933,0.001020825,0.142857143,0.161108787,0.448754594,0.103052472,0.152679929,0.042993998,0.237587849,0.013227266,0.039651702,0.034034783,0.133899747,46.95170309,2.850526502,phpTJRsqa.csv,0.083969466,0.198473282,0.366412214,0.152671756,0.198473282
5,294,5.683579767,14,2.63905733,0,0,14,0,0.047619048,0,0,0,0.218171498,3.127439318,2.833285143,0.640707105,4.88249493,10.08996031,-1.621549715,40.90634348,25.41648201,-0.248663027,25.12400717,111.1967728,0.001220954,0.843638297,0.136046515,0.155823878,1.640375719,0.051020408,0.2,0.221014116,0.639455782,0.014010493,0.167612341,0.098425409,0.366212962,0.001524148,0.080110013,0.075627023,0.223274996,20.47653799,1.09227705,phpTXWrKb.csv,0.090909091,0.522727273,0.181818182,0.045454545,0.159090909
3,52,3.951243719,24,3.17805383,78,0.0625,22,2,0.461538462,6,3,0,0.018609842,0.293471717,0.408589761,0.158597276,0.5127005,0.923062948,-1.108307483,0.452305409,-0.29712194,-0.531692742,-0.089419988,1.071877666,0.006727931,1,0.43883647,0.279661927,1.353027902,0.093023256,0.333333333,0.17018991,0.465116279,0.157415873,0.497905089,0.127509728,0.596540463,0.031225495,0.279560714,0.11521795,0.49747098,4.83983563,0.781026679,phpu00N5N.csv,0.13253012,0.385542169,0.078313253,0.253012048,0.15060241
2,2407,7.786136438,300,5.703782475,0,0,300,0,0.124636477,0,0,0,0.00122674,1.669756175,1.889250294,0.633328724,2.421524696,7.314409409,-0.752100582,13.66958487,8.040164844,0.288341,6.475864109,76.67571922,7.58E-06,0.963656951,0.143669058,0.155461276,0.678018707,0.179061072,0.5,0.320938928,0.820938928,0.040688439,0.199024667,0.073505673,0.285033651,0.000887779,0.019361656,0.017457435,0.060816396,35.01863172,9.279320393,phpuZu33P.csv,0.156765677,0.224422442,0.242574257,0.182618262,0.193619362
2,11055,9.310638093,31,3.433987204,0,0,31,0,0.002804161,0,0,0,0.11301624,1.001955017,1.431887836,0.54601821,2.105224969,4.502808753,-1.985297657,3.73692178,1.187366455,-1.319210149,2.432831882,18.27859348,8.59E-05,0.939632925,0.120030798,0.175080196,0.990623923,0.44305744,0.5,0.05694256,0.55694256,0.019068726,0.062162796,0.026223265,0.117660348,3.69E-09,0.036030405,0.084348662,0.346215064,27.4941098,0.725287153,phpV5QYya.csv,0.241860465,0.288372093,0.106976744,0.158139535,0.204651163
2,64,4.158883083,230,5.438079309,0,0,230,0,3.59375,0,0,0,0.192879824,1.791596429,6.953115698,5.518346671,8,8,-2.027170444,20.96216831,51.15399892,29.36940687,64,64,0.00913442,1,0.046422587,0.121106411,0.993650712,0.453125,0.5,0.046875,0.546875,0.019352513,0.028089616,0.018570573,0.139186082,0.000142406,0.01545663,0.018326348,0.200017024,64.28637288,0.817318188,phpVDlhKL.csv,0.057835821,0.343905473,0.286069652,0.146766169,0.165422886
4,5456,8.6044712,25,3.218875825,0,0,25,0,0.004582111,0,0,0,0.017563948,1.048705822,1.497587782,0.773531292,1.996968303,3.830141553,-1.604595454,4.501100596,2.260700733,-0.933358777,5.309922507,14.34959186,0.00020069,0.626802998,0.164091807,0.120418746,1.714632742,0.060117302,0.25,0.147976237,0.404142229,0.10433006,0.191470873,0.04238946,0.240171303,0.098799168,0.171824062,0.064236938,0.423576039,9.979002506,0.114342605,phpVeNa5j.csv,0.233082707,0.165413534,0.030075188,0.15037594,0.421052632
5,95,4.553876892,22278,10.01135492,0,0,22278,0,234.5052632,0,0,0,2.06E-05,0.507339918,0.670998277,0.264357922,0.974532497,4.678407043,-1.556999671,2.007589462,0.57895992,-0.710975452,1.16714436,29.98680942,1.04E-17,0.997816208,0.098438791,0.078946773,2.181322431,0.052631579,0.2,0.078489903,0.284210526,0.209517877,0.441901231,0.036460648,0.503802675,0.041401776,0.232255087,0.07021743,0.733547898,9.391925303,0.902654687,phpvtdNPU.csv,0.198422579,0.19517107,0.199235456,0.203570801,0.203600094
3,210,5.347107531,8,2.079441542,0,0,8,0,0.038095238,0,0,0,0,0.18834063,0.368480027,0.323524141,0.528599602,0.561897375,-1.507211538,0.465296019,-0.828654037,-1.099948877,-0.624312049,-0.066603304,0.01107902,0.994340931,0.547479135,0.316340888,1.584962501,0.333333333,0.333333333,0,0.333333333,0.381135249,0.403000154,0.014593635,0.421600206,0.233823151,0.580174924,0.216496188,0.821761427,2.731870054,-0.305381641,phpvz1IQW.csv,0.142857143,0.238095238,0.047619048,0.119047619,0.452380952
2,7400,8.909235279,21,3.044522438,0,0,21,0,0.002837838,0,0,0,0.019464326,0.06189867,0.223603916,0.210352273,0.256988362,0.311587456,-2.000161797,0.754808758,1.338824056,1.413928231,1.592698309,1.714405525,7.51E-07,0.15733426,0.028984682,0.037265313,0.999931711,0.495135135,0.5,0.004864865,0.504864865,0.157598746,0.166539186,0.004036805,0.172340829,0.069238531,0.075987439,0.004201478,0.0877192,13.15917104,1.191667305,phpWfYmlu.csv,0.384615385,0.123076923,0.030769231,0.307692308,0.153846154
2,540,6.29156914,21,3.044522438,0,0,21,0,0.038888889,0,0,0,0,0.634554866,0.142379477,0.000158384,0.000832714,2.980194511,-1.502788104,1.730914165,-0.828396816,-1.200327404,-1.19949634,6.907127713,9.20E-07,0.999991012,0.023031419,0.077235472,0.420191037,0.085185185,0.5,0.414814815,0.914814815,0.17461658,0.356396896,0.041703268,0.365979463,0.000505346,0.014221412,0.016578429,0.059708748,29.54636473,24.06058378,phpXeun7q.csv,0.121693122,0.17989418,0.195767196,0.259259259,0.243386243
2,7400,8.909235279,21,3.044522438,0,0,21,0,0.002837838,0,0,0,0.000913402,0.017943767,0.020317581,0.003159963,0.032904592,0.051696212,-2.000538128,0.414676757,-0.156102564,-0.088190774,-0.052534799,0.049161691,0.140794966,0.422807458,0.189385892,0.071772439,0.999999526,0.499594595,0.5,0.000405405,0.500405405,0.178816891,0.194866482,0.005586243,0.206439064,0.078217726,0.087188679,0.004692403,0.095058459,11.46937349,1.234997527,phpxijhaP.csv,0.240449438,0.647191011,0.011235955,0.04494382,0.056179775
2,267,5.587248658,23,3.135494216,0,0,23,0,0.086142322,0,0,0,0.022600496,0.552731971,0.918997345,0.472174635,1.19055091,2.198562351,-2.014636878,1.275745213,-0.856402752,-1.789445218,-0.58690151,2.855006506,0.00060166,0.765585632,0.199250602,0.150272495,0.97753104,0.411985019,0.5,0.088014981,0.588014981,0.069523703,0.105770282,0.015099821,0.124047469,0.000439275,0.020407804,0.025069383,0.092782595,47.89986402,4.182835054,phpXxoe1Q.csv,0.037656904,0.443514644,0.305439331,0.075313808,0.138075314
5,200,5.298317367,14,2.63905733,0,0,14,0,0.07,0,0,0,0.125298521,2.675784975,1.636240281,0.394619776,1.380122983,9.923955865,-1.478560714,25.80035684,8.659143572,-1.285139869,1.727466782,97.45944291,0.000351303,0.608608999,0.124522264,0.136765449,2.174547125,0.05,0.2,0.080062476,0.28,0.010569683,0.227330736,0.130593436,0.392552708,0.006309902,0.069929592,0.04833609,0.152565959,31.09623654,2.250851752,phpy0HwUD.csv,0.123966942,0.371900826,0.239669421,0.148760331,0.115702479
5,9873,9.197559038,33,3.496507561,0,0,32,1,0.003342449,5,5,0,0.028491786,1.80415332,1.67505825,0.488446217,2.330818064,7.171537945,7.601727432,51.27138254,47.82230871,11.3280406,47.8911913,193.8979579,0.000173754,0.942784784,0.089529813,0.166490891,2.193423736,0.101083764,0.2,0.082227255,0.298794693,0.011451636,0.061981111,0.025835179,0.109373761,0.00554934,0.036434668,0.03217233,0.111444455,60.20155646,0.701157563,phpYLeydd.csv,0.196078431,0.232026144,0.035947712,0.22875817,0.307189542
7,2310,7.745002804,19,2.944438979,0,0,18,1,0.008225108,7,7,0,0.052559508,4.644838677,3.419332282,0.900189591,4.697899809,16.90093525,-1.21587097,90.06976381,38.51719077,0.125114238,26.61307214,339.2210943,0.000145189,0.998644375,0.278004542,0.325256465,2.807354922,0.142857143,0.142857143,2.78E-17,0.142857143,0.009319777,0.177353212,0.103345571,0.297066149,0.013732681,0.518254001,0.379954717,0.898078976,5.416947895,-0.657787086,phpyM5ND4.csv,0.161290323,0.322580645,0.032258065,0.241935484,0.241935484
2,64,4.158883083,243,5.493061443,0,0,243,0,3.796875,0,0,0,0.192879824,1.705692312,7.021573804,5.518346671,8,8,-2.027170444,20.20992406,51.83142837,29.36940687,64,64,0.009323022,1,0.044910393,0.12117788,0.993650712,0.453125,0.5,0.046875,0.546875,0.019352513,0.027180223,0.017033036,0.135213021,0.000142406,0.015326316,0.016015687,0.157268064,64.83297956,0.773434873,phpysQLwp.csv,0.039447067,0.325016858,0.3320971,0.151045179,0.152393796
2,5100,8.536995819,37,3.610917913,0,0,36,1,0.007254902,2,2,0,0.001554862,0.131931145,0.16389399,0.066497008,0.222467099,0.408362785,-1.000304061,0.384595561,-0.463204665,-0.763330271,-0.097348676,0.081034719,0.167893079,0.946040165,0.637684167,0.229272583,0.110580845,0.014705882,0.5,0.485294118,0.985294118,0.180548206,0.217559049,0.020842201,0.24196233,0.001692294,0.021706989,0.013045891,0.047408371,5.094250715,9.022534579,phpZrCzJR.csv,0.224390244,0.258536585,0.097560976,0.087804878,0.331707317
3,105,4.65396035,22284,10.01162421,0,0,22284,0,212.2285714,0,0,0,7.48E-05,0.732789744,0.703403095,0.231128778,0.909695531,9.404957706,-1.158427452,4.118837024,2.089106081,0.287830729,2.248817398,93.3739347,4.07E-17,0.997622889,0.177890503,0.134313453,1.263850223,0.066666667,0.333333333,0.201130591,0.552380952,0.034775271,0.401449256,0.042234076,0.489248672,0.003363541,0.093879979,0.030578172,0.273038225,13.46240415,3.276196683,phpZZfh5g.csv,0.198967278,0.195844243,0.199713295,0.202975294,0.20249989
2,339,5.826000107,18,2.890371758,0,0,0,18,0.053097345,39,2.166666667,0.372677996,0,0,0,0,0,0,0,0,0,0,0,0,0,0,0,0,0.807752702,0.247787611,0.5,0.252212389,0.752212389,0.017259551,0.077901163,0.030341836,0.118758883,3.31E-05,0.013692626,0.02038114,0.093186813,58.99180322,4.689278482,primary-tumor.csv,0.135514019,0.429906542,0.14953271,0.08411215,0.200934579
2,672,6.510258341,10,2.302585093,0,0,5,5,0.014880952,63,12.6,12.61110622,0,0.314766508,0.345610751,0.01611774,0.44891653,0.847413409,-1.502238806,0.855387342,-0.363471169,-1.228574067,0.470612764,0.562996734,0.017733515,0.207236042,0.079307673,0.062134843,0.918295834,0.333333333,0.5,0.166666667,0.666666667,0,0.042239466,0.069903638,0.347150565,0,0.001881861,0.004745186,0.035296781,487.9721319,21.44557977,profb.csv,0.263565891,0.294573643,0.240310078,0.062015504,0.139534884
2,340,5.828945618,14,2.63905733,1668,0.350420168,11,3,0.041176471,7,2.333333333,0.471404521,0.003614896,0.157040341,0.154952956,0.043821622,0.20773059,0.559833724,-0.087453801,0.738541696,0.652884551,0.201651001,0.801573505,2.713862294,0.619525117,0.81742114,0.739224148,0.047741467,0.99631652,0.464285714,0.5,0.035714286,0.535714286,0.099442717,0.328589526,0.135803989,0.460113624,0.00035473,0.042797869,0.033232178,0.116448697,23.27958223,6.677707587,schizo.csv,0.145631068,0.417475728,0.184466019,0.194174757,0.058252427
5,315,5.752572639,13,2.564949357,0,0,13,0,0.041269841,0,0,0,0.307933019,2.11041543,2.58778815,0.67285675,3.966883905,6.513551941,-1.624732213,14.58255378,10.23666746,-0.669505063,13.82390004,40.68463884,0.003660132,0.545019212,0.157248044,0.124320059,2.208989114,0.066666667,0.2,0.0719172,0.279365079,0.018524922,0.099201027,0.077261011,0.286959404,0.011195295,0.146829607,0.209134549,0.605168407,15.04457559,-0.324379945,solar-flare_1.csv,0.171052632,0.276315789,0.197368421,0.223684211,0.131578947
6,600,6.396929655,62,4.127134385,0,0,61,1,0.103333333,6,6,0,0,0.236346809,0.165149087,0.029806808,0.130861977,0.933773309,-1.214884491,0.59863278,-0.567940491,-1.119287137,-0.011300237,0.598319631,0.000520349,0.944773317,0.446734945,0.273023813,2.584962501,0.166666667,0.166666667,0,0.166666667,0.289124752,0.328767642,0.018855231,0.359951604,0.039435947,0.617731192,0.258806711,1.537153802,4.184607375,-0.467782029,synthetic_control.csv,0.261744966,0.378076063,0.060402685,0.149888143,0.149888143
2,60,4.094344562,7130,8.872066513,0,0,7130,0,118.8333333,0,0,0,0.000289462,1.081059074,1.356425847,0.633017369,1.773930689,7.680410703,-1.639509915,6.760598479,4.697973802,1.085644786,5.481004611,59.32870247,5.84E-18,0.990873531,0.192137066,0.147440688,0.934068055,0.35,0.5,0.15,0.65,0.02070321,0.423844247,0.068998218,0.54823884,0.005727244,0.076898025,0.032881757,0.241494432,12.1468406,4.511770232,tumors_C.csv,0.203580778,0.197643979,0.205731114,0.198111444,0.194932685
6,1599,7.377133713,12,2.48490665,0,0,12,0,0.00750469,0,0,0,0.071287663,1.726062483,1.561004646,0.293203365,1.743816532,5.680346572,-0.788997515,12.97293481,7.641122256,0.679383911,5.787431048,41.71578725,0.001917882,0.682978195,0.198028315,0.179161129,1.709061638,0.006253909,0.166666667,0.178264831,0.425891182,0.115208656,0.203310896,0.044206046,0.253467654,0.017456714,0.060623144,0.042697517,0.172255385,28.19157055,2.35368447,wine-quality-red.csv,0.329268293,0.292682927,0.134146341,0.097560976,0.146341463
2,2417,7.790282381,117,4.762173935,0,0,117,0,0.048407116,0,0,0,0.001097466,0.95426552,0.689238045,0.142552604,1.120752544,8.257549622,-1.92025296,6.238902043,1.866805635,0.232179058,2.047378746,66.24193845,3.47E-06,0.9815234,0.097537996,0.107054815,0.106684866,0.014067025,0.5,0.485932975,0.985932975,0.033755775,0.186911433,0.048860825,0.275229661,5.37E-05,0.002099848,0.001863437,0.014685222,50.8059902,88.01187983,yeast.csv,0.217948718,0.131054131,0.226495726,0.205128205,0.219373219
